,idnumber,snoact04,snoact01,snoact05,climb101,climb102,camp103,hik203,race_label,any_backcountry
0,1.00,,,,,,0.0,,White,0
1,2.00,,,,,,,,White,0
2,3.00,,,,,,,,White,0
3,4.00,0.0,0.0,1.0,1.0,0.0,1.0,1.0,White,1
4,5.00,,,,,,,,White,0
5,6.00,,,,,,0.0,,White,0
6,7.00,,,,,,,,White,0
7,8.00,,,,,,0.0,,White,0
8,361.00,,,,,,,0.0,White,0
9,9.00,,,,,,,0.0,Asian,0
10,10.00,,,,,,0.0,,Hispanic/Latino,0
11,11.00,,,,,,0.0,,Am. Ind./AK Native,0
12,12.00,,,,,,,,White,0
13,13.00,,,,,,0.0,1.0,White,1
14,14.00,,,,,,0.0,1.0,White,1
15,21.00,1.0,0.0,0.0,,,0.0,,White,1
16,15.00,1.0,1.0,1.0,,,,1.0,White,1
17,16.00,,,,,,,0.0,White,0
18,17.00,,,,,,,,White,0
19,18.00,,,,,,,,White,0
20,19.00,,,,,,,,White,0
21,20.00,,,,,,,,White,0
23,22.00,,,,,,0.0,,White,0
24,23.00,,,,,,1.0,1.0,White,1
25,24.00,,,,,,,1.0,White,1
26,25.00,,,,,,,,White,0
27,26.00,,,,,,,,White,0
28,27.00,,,,,,,,White,0
29,28.00,0.0,0.0,0.0,,,0.0,,White,0
30,34.00,0.0,0.0,0.0,,,0.0,1.0,White,1
31,29.00,0.0,0.0,0.0,,,0.0,1.0,White,1
32,30.00,,,,,,,,White,0
33,31.00,,,,,,0.0,1.0,White,1
34,32.00,1.0,0.0,0.0,,,,1.0,White,1
35,33.00,,,,,,0.0,0.0,White,0
37,36.00,,,,,,0.0,,White,0
38,37.00,,,,,,,0.0,White,0
39,38.00,,,,,,0.0,1.0,White,1
40,39.00,1.0,0.0,0.0,,,,,White,1
41,40.00,,,,,,0.0,,White,0
42,47.00,,,,,,0.0,0.0,White,0
43,41.00,,,,,,,,White,0
44,42.00,,,,,,,,White,0
45,43.00,,,,,,,1.0,White,1
46,44.00,0.0,0.0,0.0,,,0.0,,White,0
47,45.00,0.0,1.0,0.0,,,0.0,,White,1
48,46.00,,,,,,0.0,0.0,White,0
49,389.00,,,,,,,,Asian,0
50,48.00,,,,,,,,White,0
51,49.00,,,,,,0.0,,Hispanic/Latino,0
52,50.00,,,,,,0.0,1.0,White,1
53,51.00,,,,,,,,White,0
54,52.00,,,,,,,1.0,White,1
55,53.00,,,,,,,,White,0
56,54.00,,,,,,,,White,0
58,55.00,0.0,1.0,0.0,1.0,1.0,0.0,1.0,White,1
59,56.00,,,,,,,,Hispanic/Latino,0
61,58.00,0.0,0.0,0.0,,,,1.0,White,1
62,59.00,,,,,,,,White,0
63,60.00,,,,,,,0.0,White,0
64,61.00,,,,,,0.0,,White,0
65,62.00,,,,,,,1.0,White,1
66,63.00,,,,,,0.0,,White,0
67,64.00,,,,,,0.0,,White,0
68,65.00,,,,,,,,White,0
69,66.00,0.0,0.0,0.0,,,0.0,0.0,White,0
70,67.00,,,,,,,0.0,White,0
71,68.00,,,,,,,,White,0
72,69.00,,,,,,0.0,1.0,White,1
73,70.00,0.0,0.0,0.0,,,,,White,0
74,71.00,,,,,,,,White,0
75,72.00,,,,,,0.0,,White,0
76,73.00,0.0,0.0,0.0,,,,,White,0
77,74.00,0.0,1.0,1.0,1.0,1.0,,1.0,White,1
78,75.00,,,,,,0.0,,White,0
79,76.00,,,,,,0.0,,White,0
80,77.00,,,,,,,,White,0
81,78.00,1.0,0.0,1.0,,,0.0,,White,1
82,79.00,,,,,,,,Am. Ind./AK Native,0
83,80.00,,,,,,0.0,,White,0
84,81.00,0.0,0.0,0.0,,,0.0,,White,0
86,89.00,,,,,,,,White,0
87,83.00,,,,,,0.0,,White,0
88,84.00,0.0,0.0,0.0,,,0.0,,White,0
89,85.00,,,,,,0.0,0.0,White,0
90,86.00,,,,,,,,White,0
91,87.00,,,,,,,,Hispanic/Latino,0
92,88.00,,,,,,0.0,,White,0
93,107.00,,,,,,,,White,0
94,91.00,1.0,1.0,0.0,1.0,0.0,1.0,1.0,White,1
96,93.00,1.0,0.0,0.0,,,0.0,,White,1
97,94.00,,,,,,,1.0,White,1
98,95.00,0.0,0.0,1.0,,,,1.0,White,1
99,97.00,,,,,,,,White,0
100,98.00,,,,,,,,Am. Ind./AK Native,0
101,99.00,,,,,,,,White,0
102,100.00,,,,,,0.0,1.0,White,1
103,101.00,,,,,,,,White,0
104,102.00,,,,,,,,White,0
105,103.00,,,,,,,,White,0
106,104.00,0.0,1.0,1.0,,,0.0,,White,1
107,105.00,,,,,,,,White,0
108,106.00,1.0,0.0,0.0,,,,,Am. Ind./AK Native,1
109,108.00,,,,,,,,White,0
110,109.00,1.0,0.0,0.0,1.0,1.0,0.0,,White,1
111,110.00,,,,,,,,White,0
112,111.00,,,,,,,,White,0
113,119.00,,,,,,0.0,,White,0
114,112.00,1.0,0.0,1.0,,,0.0,0.0,White,1
115,113.00,,,,,,,,White,0
116,114.00,,,,,,,,White,0
117,115.00,,,,,,,,White,0
118,116.00,,,,,,,,White,0
119,117.00,,,,,,,,White,0
120,118.00,,,,,,,,White,0
121,174.00,,,,,,,,White,0
122,120.00,0.0,0.0,0.0,,,0.0,0.0,White,0
123,121.00,,,,,,0.0,,White,0
124,1454.00,,,,,,,,White,0
125,122.00,,,,0.0,0.0,,,White,0
126,123.00,,,,,,,,Black,0
127,124.00,,,,,,,,White,0
128,125.00,,,,,,0.0,,White,0
129,145.00,,,,,,,,Hispanic/Latino,0
130,126.00,,,,,,0.0,0.0,Black,0
131,127.00,,,,,,,,White,0
132,128.00,0.0,0.0,0.0,,,0.0,1.0,White,1
133,129.00,,,,,,,,White,0
134,130.00,,,,,,0.0,0.0,White,0
135,131.00,,,,,,,,White,0
136,132.00,0.0,0.0,0.0,,,,,White,0
137,133.00,1.0,0.0,0.0,,,1.0,,White,1
138,134.00,,,,0.0,0.0,0.0,1.0,White,1
139,135.00,,,,,,,,White,0
140,136.00,,,,,,,,White,0
141,137.00,,,,0.0,0.0,0.0,,White,0
142,138.00,,,,,,,,Am. Ind./AK Native,0
143,139.00,,,,,,,1.0,White,1
144,140.00,,,,,,0.0,,White,0
145,149.00,,,,,,,,White,0
146,141.00,0.0,1.0,0.0,0.0,1.0,1.0,1.0,White,1
147,142.00,,,,,,0.0,1.0,White,1
148,143.00,,,,,,,,White,0
149,144.00,,,,,,,,White,0
150,146.00,0.0,0.0,0.0,,,,,White,0
151,147.00,,,,,,,,White,0
152,148.00,,,,,,0.0,,White,0
153,150.00,0.0,1.0,0.0,,,0.0,1.0,White,1
154,151.00,0.0,0.0,0.0,,,0.0,,White,0
155,152.00,0.0,0.0,0.0,,,,,White,0
156,165.00,,,,,,,,White,0
157,153.00,,,,,,,,White,0
159,155.00,,,,,,,,White,0
160,171.00,,,,,,,,White,0
161,156.00,,,,,,,1.0,White,1
162,157.00,,,,,,,0.0,Hispanic/Latino,0
163,158.00,,,,,,0.0,,White,0
164,159.00,1.0,0.0,0.0,,,1.0,,White,1
165,160.00,0.0,1.0,0.0,0.0,1.0,1.0,,White,1
166,170.00,,,,,,0.0,,White,0
167,161.00,0.0,0.0,0.0,,,0.0,,White,0
168,162.00,,,,,,0.0,0.0,White,0
169,163.00,,,,,,,,White,0
170,164.00,,,,,,,1.0,White,1
171,166.00,,,,,,,,White,0
172,167.00,,,,,,,,Haw/Pac Isl.,0
173,168.00,,,,,,,,White,0
174,169.00,,,,,,0.0,,White,0
175,172.00,0.0,0.0,0.0,,,0.0,,White,0
176,173.00,,,,,,0.0,,White,0
177,175.00,,,,,,0.0,1.0,White,1
178,176.00,1.0,0.0,0.0,,,,,White,1
179,177.00,,,,,,0.0,1.0,White,1
180,178.00,0.0,0.0,0.0,,,,,White,0
181,179.00,,,,,,0.0,,Hispanic/Latino,0
182,187.00,,,,,,0.0,,White,0
183,391.00,,,,,,,,White,0
184,180.00,0.0,0.0,0.0,,,0.0,,Black,0
185,181.00,,,,,,0.0,,Hispanic/Latino,0
186,182.00,,,,,,0.0,,Hispanic/Latino,0
188,184.00,0.0,0.0,0.0,,,,,White,0
190,186.00,1.0,0.0,0.0,,,0.0,1.0,White,1
191,188.00,,,,0.0,0.0,0.0,,White,0
192,483.00,,,,,,,0.0,White,0
193,189.00,,,,,,,,White,0
194,190.00,,,,,,0.0,,White,0
195,191.00,,,,,,0.0,,White,0
196,192.00,,,,,,0.0,,White,0
197,193.00,,,,,,,,White,0
198,194.00,,,,,,,,White,0
199,195.00,,,,,,0.0,0.0,White,0
200,196.00,,,,,,0.0,,White,0
201,197.00,0.0,0.0,0.0,0.0,0.0,0.0,1.0,White,1
203,199.00,,,,,,,1.0,White,1
204,200.00,,,,0.0,1.0,1.0,1.0,White,1
205,201.00,,,,,,,,White,0
206,222.00,,,,,,0.0,,White,0
207,202.00,0.0,0.0,0.0,,,,,White,0
208,203.00,,,,,,0.0,,White,0
209,204.00,,,,,,,,Hispanic/Latino,0
210,205.00,0.0,1.0,0.0,,,0.0,1.0,White,1
211,206.00,,,,,,,,White,0
212,207.00,,,,,,0.0,,White,0
214,209.00,,,,,,1.0,1.0,White,1
215,210.00,,,,,,1.0,,Asian,1
216,211.00,0.0,0.0,0.0,,,,,White,0
217,212.00,,,,,,,,White,0
218,213.00,,,,,,1.0,,White,1
219,214.00,0.0,0.0,0.0,,,,,White,0
220,215.00,,,,,,,,White,0
221,216.00,1.0,0.0,0.0,,,1.0,,White,1
222,217.00,,,,,,,,White,0
223,218.00,0.0,0.0,0.0,0.0,1.0,0.0,1.0,White,1
224,219.00,,,,,,0.0,,White,0
225,220.00,1.0,1.0,0.0,,,,1.0,White,1
226,221.00,,,,,,,,Hispanic/Latino,0
227,223.00,0.0,0.0,0.0,0.0,1.0,0.0,0.0,White,1
228,224.00,,,,,,,,White,0
229,225.00,,,,,,,,White,0
230,226.00,,,,,,0.0,,Asian,0
231,227.00,,,,,,1.0,,White,1
232,228.00,,,,,,0.0,,White,0
233,267.00,,,,,,,,Asian,0
234,229.00,0.0,0.0,0.0,,,1.0,,Hispanic/Latino,1
235,230.00,0.0,0.0,0.0,,,0.0,0.0,White,0
236,231.00,0.0,0.0,0.0,,,,,White,0
237,232.00,,,,0.0,0.0,0.0,1.0,White,1
238,233.00,0.0,0.0,1.0,,,0.0,1.0,White,1
239,234.00,,,,,,0.0,,White,0
240,302.00,,,,,,0.0,,White,0
241,235.00,0.0,0.0,0.0,,,,,Hispanic/Latino,0
242,236.00,,,,,,0.0,,White,0
243,237.00,,,,,,,,White,0
244,238.00,0.0,0.0,0.0,,,,,White,0
245,239.00,,,,,,0.0,,White,0
246,240.00,,,,,,0.0,,Asian,0
247,241.00,,,,,,,,White,0
248,276.00,,,,,,1.0,,White,1
249,242.00,,,,,,,0.0,White,0
250,243.00,0.0,0.0,0.0,,,,0.0,White,0
251,244.00,,,,,,1.0,1.0,White,1
252,245.00,,,,,,,,White,0
253,246.00,1.0,0.0,0.0,,,,,White,1
254,247.00,,,,,,0.0,,White,0
255,248.00,,,,,,,0.0,White,0
256,249.00,,,,,,0.0,1.0,White,1
257,250.00,,,,,,,0.0,White,0
258,251.00,,,,,,,,White,0
259,252.00,,,,,,,,White,0
260,253.00,,,,,,0.0,,White,0
261,268.00,,,,,,,,White,0
262,254.00,1.0,1.0,1.0,,,0.0,,White,1
263,255.00,1.0,0.0,0.0,,,0.0,1.0,White,1
264,256.00,,,,,,,,White,0
265,257.00,0.0,0.0,0.0,,,,1.0,White,1
267,259.00,,,,,,,,White,0
268,260.00,,,,,,0.0,,White,0
269,448.00,,,,,,,,White,0
270,261.00,,,,,,0.0,,White,0
271,262.00,1.0,0.0,0.0,,,0.0,1.0,White,1
272,263.00,0.0,0.0,0.0,,,0.0,,White,0
273,264.00,,,,,,,,White,0
274,265.00,,,,,,0.0,1.0,Am. Ind./AK Native,1
275,266.00,,,,,,1.0,1.0,White,1
276,283.00,1.0,0.0,0.0,,,,1.0,White,1
277,269.00,,,,,,,,White,0
278,270.00,,,,,,,1.0,White,1
279,271.00,,,,,,0.0,,White,0
280,272.00,,,,,,0.0,1.0,Am. Ind./AK Native,1
281,273.00,,,,,,0.0,1.0,White,1
282,274.00,0.0,0.0,0.0,,,0.0,1.0,White,1
284,556.00,,,,,,,,White,0
285,277.00,0.0,1.0,0.0,,,0.0,,White,1
286,278.00,1.0,0.0,1.0,,,0.0,1.0,White,1
287,279.00,,,,,,,,White,0
288,280.00,,,,,,0.0,1.0,White,1
289,281.00,0.0,1.0,0.0,,,0.0,1.0,White,1
290,411.00,,,,,,0.0,,Other,0
292,284.00,,,,,,,0.0,White,0
293,285.00,0.0,1.0,0.0,,,0.0,1.0,Hispanic/Latino,1
295,287.00,1.0,0.0,0.0,,,,,White,1
296,425.00,,,,,,0.0,1.0,White,1
297,288.00,,,,0.0,0.0,0.0,,White,0
298,295.00,,,,,,,,White,0
299,289.00,0.0,0.0,0.0,,,0.0,,White,0
300,290.00,,,,,,0.0,1.0,White,1
301,291.00,1.0,0.0,0.0,,,0.0,1.0,White,1
302,292.00,,,,,,,1.0,Hispanic/Latino,1
303,293.00,0.0,0.0,0.0,,,,1.0,White,1
304,313.00,,,,,,,,White,0
305,294.00,,,,,,,,White,0
306,296.00,0.0,0.0,1.0,1.0,1.0,0.0,1.0,White,1
307,297.00,,,,,,0.0,,White,0
308,298.00,,,,,,,,White,0
309,299.00,0.0,0.0,0.0,,,,1.0,White,1
310,452.00,,,,,,,,White,0
311,300.00,,,,,,0.0,0.0,White,0
312,301.00,1.0,1.0,1.0,,,,0.0,White,1
313,303.00,0.0,0.0,0.0,,,,,White,0
314,304.00,,,,,,,,White,0
315,305.00,,,,,,,,White,0
316,306.00,0.0,0.0,0.0,,,0.0,,White,0
317,307.00,,,,,,,,White,0
318,308.00,0.0,0.0,0.0,,,0.0,,Am. Ind./AK Native,0
319,362.00,,,,,,,,White,0
321,310.00,1.0,0.0,0.0,,,0.0,1.0,White,1
322,311.00,,,,,,,,White,0
323,312.00,,,,,,,1.0,White,1
325,315.00,,,,,,0.0,,White,0
326,316.00,,,,,,,,White,0
327,317.00,,,,,,0.0,,White,0
328,318.00,,,,,,0.0,0.0,White,0
329,319.00,,,,,,,,White,0
330,320.00,,,,,,0.0,,White,0
331,321.00,0.0,1.0,0.0,,,0.0,,White,1
332,327.00,,,,,,,0.0,White,0
333,322.00,1.0,0.0,1.0,,,,,White,1
334,323.00,0.0,0.0,0.0,,,0.0,,White,0
335,324.00,,,,0.0,1.0,0.0,,White,1
336,325.00,1.0,0.0,0.0,,,0.0,,White,1
337,331.00,,,,,,,,White,0
338,326.00,1.0,1.0,1.0,,,,,White,1
339,359.00,,,,,,0.0,,White,0
340,328.00,,,,,,0.0,,White,0
341,329.00,0.0,1.0,0.0,,,0.0,,White,1
342,330.00,,,,,,0.0,1.0,White,1
343,459.00,,,,0.0,0.0,,,White,0
344,332.00,,,,,,,1.0,White,1
345,333.00,,,,,,,,Am. Ind./AK Native,0
346,334.00,0.0,0.0,0.0,,,,,White,0
347,335.00,,,,,,,,White,0
348,336.00,,,,,,,,White,0
349,337.00,1.0,1.0,0.0,,,0.0,0.0,White,1
350,338.00,,,,,,0.0,1.0,White,1
351,339.00,,,,,,0.0,,White,0
352,340.00,0.0,0.0,0.0,,,0.0,,Hispanic/Latino,0
354,342.00,0.0,0.0,0.0,,,,1.0,White,1
355,349.00,,,,,,0.0,,White,0
357,344.00,,,,,,0.0,1.0,White,1
358,345.00,0.0,0.0,0.0,,,,0.0,White,0
359,346.00,0.0,0.0,1.0,,,,0.0,White,1
360,347.00,,,,,,0.0,0.0,Hispanic/Latino,0
361,348.00,,,,,,,,White,0
362,350.00,,,,,,0.0,,White,0
363,351.00,,,,,,0.0,1.0,White,1
364,352.00,,,,,,,,White,0
365,360.00,,,,,,,,White,0
366,353.00,0.0,0.0,0.0,,,0.0,,White,0
367,354.00,,,,,,1.0,1.0,White,1
368,355.00,,,,,,0.0,1.0,White,1
369,356.00,,,,,,,1.0,White,1
370,357.00,,,,,,,0.0,White,0
372,363.00,,,,,,,,White,0
373,364.00,,,,,,0.0,0.0,White,0
374,365.00,1.0,1.0,1.0,,,0.0,1.0,White,1
375,366.00,,,,,,,,White,0
376,367.00,0.0,0.0,0.0,,,,1.0,White,1
377,368.00,,,,,,0.0,,Haw/Pac Isl.,0
378,369.00,,,,,,,,White,0
379,370.00,,,,,,,,White,0
380,371.00,,,,,,,0.0,White,0
381,372.00,,,,,,,,White,0
382,373.00,,,,,,,1.0,Asian,1
383,374.00,,,,,,0.0,,White,0
384,375.00,0.0,0.0,0.0,,,,,Hispanic/Latino,0
385,410.00,,,,,,,1.0,White,1
386,376.00,,,,,,0.0,,White,0
387,377.00,,,,,,0.0,,Hispanic/Latino,0
388,378.00,,,,,,0.0,,White,0
389,379.00,,,,,,,,Other,0
390,380.00,,,,,,,,White,0
391,381.00,0.0,1.0,1.0,0.0,0.0,0.0,0.0,White,1
392,382.00,,,,,,,,White,0
394,383.00,,,,,,,0.0,White,0
395,384.00,1.0,0.0,0.0,0.0,0.0,0.0,1.0,White,1
397,386.00,,,,,,,,White,0
399,388.00,0.0,0.0,1.0,0.0,1.0,1.0,1.0,White,1
400,392.00,0.0,1.0,1.0,,,0.0,1.0,White,1
401,393.00,,,,,,,1.0,White,1
402,394.00,,,,,,0.0,0.0,White,0
403,395.00,0.0,0.0,0.0,,,0.0,,Hispanic/Latino,0
404,396.00,,,,,,0.0,0.0,White,0
405,397.00,,,,,,,,White,0
406,398.00,,,,,,0.0,1.0,White,1
407,399.00,,,,,,,,White,0
408,400.00,1.0,0.0,0.0,,,0.0,,White,1
409,401.00,,,,,,,,White,0
410,402.00,,,,,,,,White,0
411,403.00,,,,,,,,White,0
413,419.00,,,,,,,,White,0
415,406.00,,,,,,,,White,0
416,407.00,,,,,,,,White,0
417,408.00,,,,,,0.0,1.0,White,1
418,409.00,,,,,,0.0,0.0,Other,0
419,412.00,0.0,0.0,0.0,,,0.0,1.0,White,1
420,418.00,,,,,,,,White,0
421,413.00,0.0,0.0,0.0,,,0.0,1.0,White,1
422,414.00,,,,,,0.0,,White,0
423,415.00,0.0,0.0,0.0,,,0.0,1.0,White,1
424,416.00,,,,,,,,Hispanic/Latino,0
425,424.00,,,,,,,1.0,White,1
426,417.00,,,,,,,1.0,White,1
427,420.00,,,,,,,1.0,White,1
428,421.00,1.0,0.0,0.0,,,0.0,,White,1
429,422.00,,,,,,,,White,0
430,423.00,,,,,,,,White,0
433,428.00,,,,,,,,White,0
434,465.00,,,,,,0.0,,White,0
435,429.00,,,,,,,,White,0
436,430.00,0.0,0.0,0.0,,,,,White,0
437,431.00,,,,,,,,White,0
438,432.00,,,,,,0.0,,White,0
439,433.00,0.0,0.0,0.0,,,1.0,1.0,White,1
440,434.00,,,,,,0.0,1.0,White,1
441,441.00,0.0,0.0,0.0,,,0.0,,White,0
442,435.00,,,,,,0.0,1.0,White,1
443,436.00,,,,,,0.0,1.0,Am. Ind./AK Native,1
444,437.00,,,,,,,,White,0
445,438.00,1.0,0.0,0.0,,,,1.0,White,1
446,439.00,,,,,,0.0,1.0,White,1
447,440.00,,,,,,,,White,0
448,442.00,,,,,,0.0,1.0,White,1
449,443.00,,,,,,,,White,0
450,444.00,0.0,0.0,0.0,,,,,White,0
451,460.00,0.0,0.0,0.0,,,0.0,1.0,White,1
452,445.00,0.0,0.0,0.0,,,0.0,,White,0
453,446.00,,,,,,,0.0,White,0
454,447.00,,,,,,0.0,1.0,White,1
455,449.00,0.0,0.0,0.0,,,0.0,,White,0
457,451.00,,,,,,0.0,,White,0
458,453.00,,,,,,1.0,1.0,White,1
460,455.00,,,,,,,,White,0
461,480.00,,,,,,,,White,0
462,481.00,,,,,,,,White,0
463,456.00,1.0,0.0,0.0,,,1.0,1.0,White,1
464,457.00,,,,,,0.0,1.0,White,1
465,458.00,,,,,,,,White,0
466,461.00,1.0,0.0,0.0,,,,1.0,White,1
468,463.00,,,,,,,,White,0
469,464.00,,,,,,,,White,0
470,466.00,0.0,0.0,0.0,,,1.0,1.0,Hispanic/Latino,1
471,467.00,,,,,,0.0,1.0,White,1
472,468.00,,,,,,0.0,,White,0
473,469.00,,,,,,,,White,0
474,470.00,,,,,,,,White,0
475,471.00,,,,,,0.0,,White,0
476,472.00,,,,,,0.0,,White,0
477,490.00,,,,,,,,White,0
478,473.00,,,,,,0.0,0.0,White,0
479,474.00,,,,,,0.0,,White,0
480,475.00,,,,,,0.0,,White,0
481,476.00,0.0,0.0,0.0,,,,1.0,White,1
482,477.00,0.0,0.0,0.0,,,,0.0,White,0
483,478.00,,,,,,,,White,0
484,479.00,,,,,,0.0,,White,0
485,482.00,,,,,,,0.0,White,0
486,484.00,,,,,,0.0,1.0,White,1
487,485.00,,,,0.0,1.0,,1.0,White,1
488,486.00,,,,,,0.0,,White,0
489,487.00,,,,,,0.0,,White,0
490,488.00,,,,,,0.0,,White,0
491,489.00,,,,1.0,0.0,0.0,,White,1
492,491.00,,,,,,,,White,0
493,492.00,,,,,,,,White,0
494,493.00,1.0,0.0,0.0,,,0.0,1.0,White,1
495,494.00,,,,,,0.0,,White,0
496,495.00,0.0,0.0,0.0,,,0.0,1.0,White,1
497,496.00,0.0,0.0,0.0,,,,,White,0
498,545.00,,,,,,,,White,0
499,497.00,0.0,0.0,1.0,,,0.0,,White,1
500,498.00,,,,,,,,White,0
501,499.00,1.0,0.0,0.0,,,0.0,,White,1
502,500.00,,,,,,0.0,,White,0
503,501.00,,,,,,,,White,0
504,502.00,,,,,,,,White,0
505,515.00,,,,,,0.0,,White,0
506,503.00,,,,,,0.0,0.0,White,0
507,504.00,,,,,,,,White,0
508,505.00,0.0,0.0,1.0,,,1.0,1.0,White,1
509,506.00,,,,,,0.0,1.0,White,1
510,507.00,,,,,,,,White,0
511,508.00,0.0,0.0,0.0,,,,,White,0
512,516.00,,,,,,,,White,0
513,509.00,,,,,,,,White,0
514,510.00,,,,,,,,White,0
515,511.00,0.0,1.0,0.0,,,0.0,,White,1
516,512.00,,,,,,0.0,,White,0
517,513.00,,,,,,0.0,,White,0
518,514.00,,,,,,,,White,0
519,557.00,,,,,,,,White,0
520,517.00,0.0,0.0,0.0,,,0.0,1.0,White,1
521,518.00,,,,,,1.0,,White,1
522,519.00,,,,,,0.0,1.0,White,1
523,520.00,,,,,,,,White,0
524,521.00,,,,,,,,White,0
525,522.00,,,,,,,0.0,White,0
526,523.00,,,,,,,,White,0
527,524.00,,,,,,0.0,,White,0
528,525.00,1.0,0.0,0.0,,,0.0,,White,1
529,526.00,,,,,,,,White,0
530,527.00,0.0,1.0,0.0,,,0.0,,White,1
531,528.00,,,,,,,,White,0
532,529.00,,,,,,,0.0,White,0
533,530.00,,,,,,,,White,0
534,531.00,,,,,,,,White,0
535,532.00,1.0,0.0,0.0,,,0.0,1.0,White,1
536,533.00,,,,,,,0.0,White,0
537,534.00,,,,,,0.0,,White,0
538,535.00,0.0,0.0,0.0,,,0.0,0.0,White,0
539,536.00,0.0,0.0,0.0,1.0,0.0,0.0,,White,1
540,546.00,,,,,,,,Other,0
541,537.00,,,,,,,,White,0
542,538.00,,,,,,,1.0,White,1
543,539.00,,,,,,,,Black,0
544,540.00,,,,,,,,White,0
545,541.00,,,,,,0.0,,White,0
546,542.00,,,,,,,,White,0
547,543.00,,,,,,,,White,0
548,544.00,,,,,,,,White,0
549,547.00,,,,,,,,White,0
550,548.00,,,,,,,,Black,0
551,549.00,,,,,,,,White,0
552,550.00,,,,,,,,White,0
554,552.00,,,,,,,,White,0
556,554.00,,,,,,,,White,0
557,555.00,,,,,,,,White,0
558,558.00,,,,,,0.0,1.0,Am. Ind./AK Native,1
559,559.00,,,,,,,1.0,White,1
560,560.00,0.0,0.0,0.0,,,,,White,0
562,562.00,,,,0.0,0.0,1.0,1.0,White,1
563,563.00,,,,,,,1.0,White,1
565,565.00,,,,,,,,White,0
566,566.00,,,,,,,,White,0
569,569.00,,,,,,0.0,,White,0
570,683.00,,,,,,,,White,0
571,570.00,,,,,,0.0,1.0,White,1
572,571.00,,,,,,0.0,,White,0
573,572.00,,,,,,0.0,1.0,White,1
574,580.00,,,,,,,0.0,White,0
575,573.00,1.0,1.0,0.0,,,0.0,1.0,White,1
576,574.00,,,,,,,,White,0
577,575.00,1.0,0.0,0.0,,,,1.0,White,1
580,578.00,,,,,,0.0,,White,0
581,579.00,,,,,,,,White,0
582,581.00,,,,0.0,1.0,0.0,1.0,White,1
583,582.00,0.0,0.0,1.0,,,,,White,1
584,685.00,,,,,,,,White,0
585,583.00,,,,0.0,0.0,,,White,0
586,584.00,,,,,,0.0,1.0,White,1
587,585.00,,,,,,,1.0,White,1
588,586.00,,,,,,,1.0,White,1
590,588.00,,,,,,,1.0,White,1
591,602.00,,,,,,,,White,0
592,589.00,1.0,1.0,1.0,,,1.0,1.0,White,1
593,590.00,,,,,,,1.0,White,1
594,591.00,,,,,,0.0,,White,0
595,592.00,0.0,0.0,0.0,,,,1.0,White,1
596,593.00,,,,,,,,White,0
597,594.00,,,,,,,0.0,White,0
598,595.00,,,,,,0.0,1.0,White,1
599,596.00,,,,,,,,White,0
600,597.00,,,,,,,,White,0
601,598.00,,,,,,,,White,0
602,599.00,,,,,,,,White,0
603,608.00,,,,,,,,White,0
604,600.00,,,,,,0.0,1.0,White,1
605,601.00,,,,,,,,White,0
606,603.00,,,,0.0,1.0,,,White,1
607,604.00,1.0,0.0,0.0,,,0.0,1.0,White,1
609,606.00,1.0,0.0,0.0,,,0.0,,White,1
610,607.00,,,,,,,1.0,White,1
611,609.00,,,,,,0.0,,White,0
612,686.00,,,,,,,,White,0
613,610.00,,,,,,0.0,,White,0
615,612.00,0.0,0.0,1.0,1.0,0.0,1.0,1.0,White,1
616,613.00,,,,,,,,White,0
617,614.00,,,,,,,1.0,Haw/Pac Isl.,1
618,615.00,,,,,,,,Black,0
619,687.00,,,,,,,,Black,0
620,616.00,,,,,,,0.0,White,0
621,617.00,,,,,,,,Am. Ind./AK Native,0
622,618.00,,,,,,,1.0,White,1
623,619.00,,,,,,,,White,0
624,620.00,,,,,,,,White,0
625,621.00,,,,,,0.0,,White,0
626,622.00,,,,,,,1.0,White,1
627,644.00,0.0,0.0,1.0,,,1.0,0.0,White,1
628,623.00,,,,,,,,Am. Ind./AK Native,0
629,624.00,0.0,0.0,0.0,,,,,White,0
630,625.00,1.0,0.0,0.0,,,,1.0,White,1
631,626.00,,,,,,,1.0,White,1
632,627.00,,,,,,0.0,1.0,White,1
633,628.00,,,,,,0.0,1.0,White,1
634,629.00,,,,,,0.0,1.0,White,1
635,630.00,0.0,0.0,0.0,,,,,White,0
636,631.00,0.0,0.0,0.0,,,0.0,,White,0
637,632.00,,,,,,,,White,0
638,633.00,,,,,,0.0,0.0,White,0
639,634.00,,,,,,,,White,0
640,759.00,,,,,,,,White,0
642,636.00,1.0,0.0,1.0,,,,,White,1
643,637.00,,,,,,,,White,0
644,638.00,,,,,,1.0,1.0,White,1
645,639.00,,,,,,0.0,,White,0
646,640.00,,,,,,,,White,0
647,641.00,,,,,,,,White,0
648,642.00,,,,,,,,White,0
649,643.00,,,,,,0.0,,White,0
650,645.00,,,,,,0.0,,White,0
651,646.00,,,,,,,,White,0
652,647.00,,,,,,0.0,0.0,White,0
653,648.00,1.0,0.0,0.0,0.0,1.0,0.0,1.0,White,1
654,649.00,0.0,0.0,0.0,,,0.0,0.0,White,0
655,684.00,,,,,,0.0,,White,0
657,651.00,,,,,,,,White,0
658,652.00,,,,,,,,White,0
659,653.00,,,,,,0.0,,White,0
660,654.00,0.0,0.0,0.0,,,1.0,1.0,White,1
661,655.00,,,,,,0.0,,White,0
662,656.00,0.0,0.0,0.0,,,0.0,1.0,Hispanic/Latino,1
663,657.00,,,,,,,,Black,0
664,658.00,,,,,,0.0,,White,0
665,659.00,,,,,,0.0,,White,0
666,660.00,,,,,,,,White,0
669,662.00,,,,,,,,White,0
670,663.00,1.0,0.0,0.0,,,1.0,1.0,White,1
673,666.00,,,,,,,,White,0
675,668.00,,,,,,,,White,0
676,738.00,,,,,,,,White,0
677,675.00,,,,,,,1.0,White,1
678,669.00,0.0,0.0,0.0,,,0.0,,White,0
679,670.00,,,,,,,,White,0
680,671.00,,,,,,0.0,,Hispanic/Latino,0
681,672.00,0.0,0.0,0.0,,,0.0,1.0,White,1
682,673.00,,,,0.0,0.0,,,White,0
683,676.00,0.0,0.0,0.0,,,0.0,,White,0
684,677.00,,,,,,,,White,0
685,678.00,,,,,,,,White,0
688,681.00,1.0,0.0,0.0,,,,0.0,White,1
689,682.00,,,,,,,,White,0
690,688.00,,,,,,,,Asian,0
691,689.00,,,,,,,,Asian,0
692,690.00,,,,,,,,White,0
693,691.00,,,,,,,,Asian,0
694,692.00,,,,,,,,White,0
695,693.00,,,,,,,,Asian,0
697,695.00,1.0,0.0,0.0,,,,,White,1
698,696.00,,,,,,,,Asian,0
699,697.00,,,,,,0.0,,White,0
700,698.00,,,,,,,1.0,White,1
701,699.00,,,,,,,1.0,White,1
702,700.00,0.0,1.0,1.0,,,1.0,1.0,White,1
703,701.00,1.0,1.0,0.0,1.0,1.0,0.0,,White,1
704,702.00,,,,0.0,0.0,,,White,0
706,704.00,,,,,,,,White,0
707,705.00,1.0,0.0,1.0,,,,0.0,White,1
708,706.00,,,,,,,,White,0
709,707.00,,,,,,,,White,0
710,708.00,,,,,,,1.0,Hispanic/Latino,1
711,709.00,,,,,,,,White,0
712,743.00,,,,,,,,Hispanic/Latino,0
713,710.00,0.0,0.0,0.0,,,0.0,,White,0
715,711.00,1.0,0.0,0.0,,,0.0,,White,1
716,712.00,,,,,,,,White,0
717,713.00,,,,1.0,0.0,,,Asian,1
718,714.00,,,,,,,1.0,White,1
719,715.00,,,,,,,,White,0
720,716.00,0.0,0.0,0.0,,,,,White,0
721,717.00,,,,,,0.0,,White,0
722,718.00,,,,,,,,White,0
723,719.00,,,,,,,1.0,White,1
724,720.00,,,,,,,,White,0
725,721.00,0.0,0.0,0.0,,,0.0,0.0,White,0
726,729.00,1.0,0.0,0.0,,,,1.0,White,1
727,722.00,0.0,0.0,0.0,,,,1.0,White,1
728,723.00,,,,,,0.0,,White,0
729,724.00,,,,,,,1.0,White,1
730,725.00,,,,,,,,White,0
731,726.00,,,,,,,,White,0
732,727.00,,,,,,,,White,0
733,728.00,,,,,,,1.0,White,1
734,730.00,,,,,,,,White,0
735,731.00,,,,,,,,White,0
736,732.00,,,,,,,1.0,White,1
737,733.00,,,,,,,,White,0
738,734.00,,,,,,,,Asian,0
739,735.00,,,,,,0.0,,Black,0
740,736.00,,,,,,,,White,0
741,926.00,,,,,,,,White,0
742,737.00,1.0,0.0,0.0,0.0,0.0,1.0,,White,1
743,740.00,0.0,0.0,0.0,,,0.0,,White,0
744,741.00,,,,,,,,Asian,0
745,742.00,,,,,,,1.0,White,1
746,927.00,,,,,,0.0,,White,0
747,744.00,,,,0.0,1.0,0.0,,White,1
748,745.00,0.0,0.0,0.0,,,,1.0,White,1
749,753.00,1.0,0.0,0.0,,,,1.0,White,1
751,747.00,,,,,,,,White,0
753,749.00,0.0,0.0,0.0,,,,,White,0
754,750.00,,,,,,1.0,,Hispanic/Latino,1
755,751.00,0.0,0.0,0.0,0.0,0.0,,1.0,White,1
756,752.00,,,,,,,1.0,White,1
757,754.00,,,,,,0.0,,White,0
758,755.00,,,,,,,,White,0
759,768.00,,,,,,,1.0,White,1
760,756.00,0.0,0.0,0.0,0.0,0.0,1.0,,White,1
761,757.00,,,,,,0.0,,White,0
762,758.00,,,,,,0.0,1.0,White,1
763,760.00,,,,,,0.0,,White,0
764,761.00,,,,,,,,White,0
765,762.00,0.0,0.0,0.0,,,0.0,,Haw/Pac Isl.,0
767,764.00,,,,,,,,White,0
768,765.00,0.0,0.0,0.0,1.0,0.0,,1.0,Hispanic/Latino,1
769,766.00,,,,,,0.0,1.0,White,1
770,767.00,,,,,,0.0,,White,0
771,795.00,,,,,,,,White,0
772,769.00,,,,1.0,0.0,1.0,1.0,White,1
773,770.00,,,,,,,,White,0
774,771.00,,,,,,,,White,0
775,772.00,,,,,,0.0,,White,0
776,773.00,,,,,,0.0,,White,0
777,774.00,,,,,,,,White,0
778,775.00,,,,,,,,White,0
779,955.00,,,,,,,,White,0
780,776.00,,,,,,0.0,1.0,White,1
781,777.00,,,,0.0,0.0,1.0,1.0,Hispanic/Latino,1
782,778.00,,,,,,0.0,1.0,White,1
785,780.00,1.0,0.0,0.0,,,,1.0,White,1
786,781.00,,,,,,0.0,,White,0
787,782.00,,,,,,,,White,0
788,783.00,,,,,,0.0,1.0,White,1
789,784.00,0.0,1.0,0.0,1.0,0.0,0.0,1.0,White,1
790,785.00,,,,,,0.0,,White,0
791,786.00,,,,,,,,White,0
792,787.00,,,,,,0.0,,White,0
793,788.00,,,,1.0,0.0,,1.0,White,1
794,789.00,,,,,,,,Hispanic/Latino,0
795,790.00,,,,,,,,White,0
796,791.00,,,,,,,,White,0
797,792.00,,,,,,,,White,0
798,793.00,,,,,,,,White,0
799,796.00,0.0,0.0,0.0,,,0.0,1.0,White,1
800,797.00,,,,,,,1.0,White,1
801,798.00,,,,,,,1.0,White,1
802,799.00,,,,,,,,White,0
803,800.00,,,,,,0.0,0.0,White,0
804,801.00,,,,,,1.0,,White,1
805,809.00,,,,,,0.0,1.0,White,1
806,802.00,,,,,,0.0,,White,0
807,803.00,,,,,,,,White,0
809,805.00,0.0,0.0,0.0,,,0.0,1.0,White,1
810,806.00,,,,,,0.0,,White,0
811,807.00,,,,,,,,White,0
812,808.00,,,,,,,,White,0
813,810.00,,,,,,,,White,0
814,811.00,,,,,,0.0,,White,0
815,812.00,,,,,,1.0,1.0,White,1
816,813.00,,,,,,1.0,1.0,White,1
817,814.00,,,,,,0.0,,White,0
818,815.00,,,,,,0.0,,White,0
819,816.00,,,,,,0.0,1.0,White,1
820,850.00,,,,,,0.0,,White,0
821,817.00,,,,,,,1.0,White,1
823,819.00,,,,,,,1.0,White,1
824,820.00,,,,,,,1.0,White,1
825,821.00,,,,,,,,White,0
827,823.00,,,,,,,,White,0
828,824.00,,,,1.0,0.0,0.0,1.0,White,1
829,866.00,,,,,,,,White,0
830,825.00,,,,,,0.0,,White,0
831,826.00,,,,,,,,White,0
832,827.00,,,,0.0,1.0,,1.0,White,1
833,828.00,,,,,,0.0,,White,0
834,829.00,,,,,,0.0,,White,0
836,831.00,1.0,0.0,0.0,1.0,0.0,0.0,1.0,White,1
837,832.00,1.0,1.0,1.0,1.0,1.0,1.0,1.0,White,1
838,833.00,1.0,0.0,0.0,,,,1.0,White,1
839,834.00,,,,,,,0.0,White,0
840,956.00,,,,,,,,White,0
841,835.00,,,,,,1.0,1.0,White,1
842,946.00,,,,,,,0.0,Asian,0
843,836.00,,,,,,,1.0,White,1
844,837.00,,,,,,,1.0,White,1
845,838.00,,,,,,,,White,0
846,839.00,,,,,,,,White,0
847,840.00,,,,,,,,White,0
848,841.00,,,,,,,,White,0
849,842.00,,,,,,0.0,,White,0
850,843.00,,,,,,0.0,,White,0
851,1525.00,,,,,,,,White,0
852,844.00,,,,0.0,1.0,0.0,,White,1
853,845.00,0.0,0.0,0.0,,,1.0,,White,1
854,846.00,,,,,,,,White,0
855,847.00,0.0,0.0,0.0,,,0.0,1.0,White,1
856,848.00,,,,,,,,White,0
858,851.00,,,,,,,,White,0
859,852.00,,,,,,0.0,0.0,White,0
860,853.00,,,,,,,,White,0
862,855.00,,,,,,,,White,0
863,856.00,,,,,,,,White,0
864,857.00,0.0,0.0,0.0,,,,,White,0
865,858.00,,,,,,,,White,0
866,1541.00,,,,,,,,White,0
867,859.00,0.0,0.0,0.0,,,,,White,0
868,860.00,,,,,,0.0,1.0,White,1
869,861.00,,,,,,0.0,,White,0
870,862.00,,,,,,0.0,,White,0
872,864.00,0.0,0.0,0.0,,,,1.0,White,1
873,964.00,,,,,,0.0,,White,0
874,865.00,,,,,,0.0,,White,0
875,867.00,,,,,,0.0,1.0,White,1
876,868.00,,,,,,0.0,0.0,White,0
877,869.00,1.0,0.0,0.0,,,,1.0,White,1
878,870.00,,,,,,,,White,0
879,890.00,,,,,,,,White,0
880,871.00,0.0,0.0,0.0,,,0.0,1.0,White,1
881,872.00,,,,,,,,White,0
882,873.00,,,,,,,0.0,White,0
883,874.00,,,,,,0.0,,White,0
884,875.00,1.0,0.0,0.0,,,0.0,1.0,White,1
885,876.00,,,,,,,1.0,White,1
886,913.00,,,,,,,,White,0
887,877.00,,,,,,,1.0,White,1
888,899.00,,,,,,,,Haw/Pac Isl.,0
889,878.00,0.0,0.0,0.0,,,,,White,0
890,879.00,,,,,,0.0,1.0,White,1
891,880.00,,,,,,,,White,0
892,881.00,,,,,,0.0,,White,0
893,882.00,1.0,1.0,0.0,,,,,White,1
894,883.00,1.0,0.0,0.0,,,0.0,,Hispanic/Latino,1
895,963.00,,,,,,,,White,0
896,884.00,,,,,,0.0,1.0,White,1
897,885.00,,,,,,,,White,0
898,886.00,,,,,,0.0,1.0,White,1
899,887.00,,,,,,,,Hispanic/Latino,0
900,888.00,,,,,,,,White,0
901,889.00,0.0,1.0,0.0,1.0,0.0,1.0,1.0,White,1
902,891.00,0.0,1.0,0.0,,,0.0,1.0,White,1
903,892.00,,,,,,,,White,0
904,893.00,,,,,,,1.0,White,1
905,894.00,,,,,,,,White,0
906,895.00,,,,,,0.0,1.0,White,1
907,896.00,,,,,,1.0,,White,1
908,897.00,,,,,,,,White,0
909,898.00,,,,,,,,White,0
910,900.00,,,,,,,,White,0
912,902.00,1.0,0.0,0.0,,,0.0,0.0,White,1
913,903.00,,,,,,,1.0,White,1
914,904.00,,,,,,,,White,0
915,905.00,,,,,,0.0,1.0,White,1
917,907.00,,,,,,,,White,0
918,908.00,,,,,,,1.0,White,1
919,909.00,0.0,0.0,0.0,,,,1.0,White,1
920,910.00,,,,,,,,White,0
921,911.00,,,,,,,,Hispanic/Latino,0
922,912.00,,,,,,0.0,,White,0
923,914.00,,,,,,,,White,0
924,915.00,0.0,0.0,0.0,,,0.0,1.0,White,1
925,937.00,,,,,,,,White,0
926,916.00,,,,,,0.0,1.0,White,1
927,917.00,,,,,,,,White,0
929,919.00,0.0,1.0,0.0,0.0,1.0,1.0,,White,1
930,920.00,0.0,0.0,0.0,0.0,1.0,0.0,1.0,Hispanic/Latino,1
931,921.00,1.0,0.0,0.0,,,0.0,1.0,White,1
932,922.00,,,,,,0.0,1.0,White,1
933,923.00,,,,,,,,White,0
934,924.00,1.0,1.0,0.0,,,0.0,1.0,White,1
935,925.00,1.0,0.0,0.0,,,,,White,1
936,928.00,0.0,0.0,1.0,,,,,White,1
938,938.00,,,,,,,,White,0
939,930.00,,,,,,,1.0,Hispanic/Latino,1
940,931.00,,,,,,,0.0,Asian,0
941,932.00,,,,0.0,1.0,0.0,1.0,White,1
942,933.00,,,,,,0.0,1.0,White,1
943,934.00,1.0,0.0,0.0,,,,,White,1
944,935.00,,,,,,0.0,,White,0
945,936.00,,,,,,0.0,1.0,White,1
946,939.00,,,,,,,0.0,White,0
947,940.00,,,,,,,,White,0
948,948.00,,,,,,,,White,0
949,941.00,,,,,,,1.0,White,1
950,942.00,,,,,,,,White,0
951,943.00,,,,,,,,White,0
952,944.00,,,,,,,1.0,White,1
953,945.00,,,,,,0.0,1.0,Two Or More,1
955,949.00,,,,,,,0.0,White,0
957,951.00,0.0,1.0,0.0,,,0.0,,White,1
958,952.00,,,,,,,,White,0
959,953.00,1.0,0.0,0.0,,,0.0,0.0,White,1
960,1010.00,,,,,,0.0,,White,0
961,954.00,,,,,,0.0,1.0,White,1
962,957.00,,,,,,,,Hispanic/Latino,0
964,959.00,,,,,,,1.0,Other,1
965,960.00,,,,,,,,White,0
966,961.00,,,,,,,,White,0
967,962.00,,,,,,,,Two Or More,0
968,965.00,,,,,,0.0,,White,0
969,966.00,,,,,,,1.0,White,1
970,967.00,0.0,0.0,0.0,0.0,0.0,,1.0,White,1
971,968.00,,,,,,0.0,,White,0
972,969.00,0.0,0.0,0.0,,,0.0,,White,0
973,970.00,,,,,,0.0,,White,0
974,971.00,0.0,0.0,0.0,,,0.0,,White,0
975,972.00,0.0,0.0,0.0,,,,1.0,Black,1
976,973.00,,,,1.0,0.0,0.0,,White,1
977,974.00,,,,,,0.0,,White,0
978,975.00,,,,,,,,Hispanic/Latino,0
979,976.00,,,,,,,0.0,White,0
980,996.00,,,,,,0.0,,White,0
981,977.00,,,,,,0.0,0.0,White,0
982,978.00,,,,,,0.0,,White,0
983,979.00,1.0,0.0,0.0,,,0.0,1.0,White,1
984,980.00,,,,,,,,White,0
985,981.00,,,,,,,,White,0
987,983.00,,,,,,,,White,0
988,1550.00,,,,,,,1.0,White,1
989,984.00,0.0,0.0,0.0,,,0.0,,White,0
990,985.00,0.0,0.0,0.0,,,0.0,,White,0
991,986.00,,,,,,,,White,0
992,987.00,,,,,,0.0,1.0,White,1
993,988.00,0.0,0.0,0.0,,,,1.0,White,1
994,989.00,,,,,,0.0,,White,0
995,1037.00,,,,,,,,White,0
996,990.00,,,,,,,1.0,White,1
998,992.00,,,,,,,1.0,White,1
999,993.00,0.0,0.0,0.0,,,,0.0,White,0
1001,995.00,,,,,,,0.0,White,0
1002,997.00,0.0,0.0,0.0,,,,0.0,White,0
1003,998.00,,,,,,0.0,0.0,White,0
1004,999.00,1.0,1.0,1.0,,,0.0,,White,1
1005,1000.00,1.0,1.0,0.0,,,,,White,1
1006,1001.00,,,,,,,,White,0
1007,1002.00,,,,,,,,White,0
1008,1089.00,,,,,,,,White,0
1009,1003.00,1.0,0.0,0.0,,,1.0,1.0,White,1
1010,1004.00,,,,,,,0.0,White,0
1011,1005.00,,,,,,1.0,1.0,White,1
1012,1006.00,,,,,,0.0,1.0,White,1
1013,1007.00,0.0,0.0,0.0,,,,,White,0
1014,1008.00,,,,,,1.0,1.0,White,1
1015,1009.00,0.0,0.0,1.0,,,0.0,1.0,White,1
1016,1011.00,,,,,,,1.0,White,1
1017,1012.00,,,,0.0,1.0,0.0,,White,1
1018,1013.00,,,,,,,1.0,White,1
1019,1014.00,0.0,0.0,1.0,,,0.0,,White,1
1020,1015.00,0.0,0.0,0.0,,,0.0,1.0,White,1
1021,1023.00,,,,,,0.0,,White,0
1022,1038.00,,,,,,1.0,1.0,Two Or More,1
1023,1016.00,,,,,,0.0,1.0,White,1
1024,1017.00,,,,,,,1.0,White,1
1025,1018.00,,,,,,,,White,0
1026,1019.00,,,,,,,,White,0
1027,1020.00,,,,,,0.0,,White,0
1028,1021.00,,,,,,0.0,1.0,Hispanic/Latino,1
1029,1022.00,,,,,,0.0,,White,0
1030,1051.00,,,,,,,,White,0
1031,1024.00,0.0,0.0,0.0,,,,,Other,0
1032,1025.00,,,,,,,0.0,White,0
1033,1026.00,,,,,,,,White,0
1034,1027.00,,,,,,,1.0,White,1
1035,1028.00,0.0,0.0,0.0,,,,,White,0
1036,1029.00,0.0,0.0,0.0,,,0.0,1.0,White,1
1037,1035.00,,,,,,,,White,0
1038,1030.00,0.0,0.0,0.0,,,0.0,1.0,White,1
1039,1031.00,0.0,0.0,0.0,0.0,1.0,1.0,1.0,White,1
1040,1032.00,0.0,1.0,0.0,,,0.0,0.0,Asian,1
1041,1033.00,,,,,,,1.0,White,1
1042,1034.00,1.0,1.0,0.0,1.0,0.0,,1.0,White,1
1044,1039.00,,,,1.0,1.0,0.0,1.0,White,1
1045,1040.00,,,,,,,,White,0
1046,1041.00,,,,,,1.0,0.0,White,1
1047,1042.00,1.0,0.0,0.0,,,0.0,1.0,White,1
1048,1043.00,,,,,,,,White,0
1049,1044.00,,,,,,,,White,0
1050,1063.00,,,,,,,,White,0
1051,1045.00,,,,,,1.0,,White,1
1052,1046.00,,,,,,,1.0,White,1
1053,1047.00,0.0,0.0,1.0,,,0.0,1.0,White,1
1054,1048.00,,,,,,,0.0,White,0
1055,1049.00,,,,,,,1.0,White,1
1056,1127.00,,,,,,,,Am. Ind./AK Native,0
1057,1050.00,,,,,,0.0,1.0,White,1
1058,1052.00,,,,,,0.0,,White,0
1059,1053.00,,,,1.0,0.0,,0.0,White,1
1061,1055.00,,,,,,,,White,0
1062,1135.00,,,,,,0.0,,White,0
1063,1056.00,0.0,0.0,0.0,,,,1.0,White,1
1064,1158.00,,,,,,,,White,0
1066,1058.00,0.0,0.0,0.0,,,,1.0,White,1
1067,1059.00,,,,,,,1.0,White,1
1068,1060.00,,,,,,,,White,0
1069,1061.00,,,,,,0.0,1.0,White,1
1070,1069.00,,,,1.0,0.0,,1.0,White,1
1071,1062.00,,,,,,,,White,0
1072,1064.00,,,,,,,1.0,Am. Ind./AK Native,1
1073,1065.00,,,,,,0.0,,White,0
1074,1066.00,0.0,1.0,0.0,,,0.0,1.0,White,1
1075,1067.00,,,,,,,1.0,White,1
1076,1068.00,0.0,1.0,1.0,1.0,0.0,,1.0,White,1
1077,1070.00,0.0,0.0,0.0,,,0.0,,White,0
1078,1078.00,,,,,,,1.0,White,1
1080,1072.00,,,,,,,0.0,White,0
1081,1073.00,,,,,,,1.0,White,1
1082,1074.00,,,,,,,,White,0
1083,1075.00,1.0,1.0,1.0,,,,1.0,White,1
1084,1076.00,0.0,0.0,0.0,,,,,White,0
1085,1077.00,,,,,,,1.0,White,1
1086,1079.00,,,,,,0.0,,White,0
1087,1080.00,,,,,,0.0,,White,0
1088,1081.00,,,,,,,,White,0
1089,1082.00,,,,,,0.0,,White,0
1090,1083.00,0.0,0.0,1.0,0.0,0.0,0.0,1.0,White,1
1091,1084.00,,,,,,0.0,,White,0
1092,1085.00,0.0,0.0,0.0,,,0.0,1.0,Hispanic/Latino,1
1093,1086.00,,,,,,0.0,,White,0
1094,1087.00,,,,,,,,White,0
1096,1090.00,,,,,,,1.0,White,1
1097,1091.00,,,,,,,,White,0
1098,1092.00,,,,1.0,0.0,1.0,1.0,White,1
1099,1093.00,,,,,,0.0,1.0,White,1
1100,1094.00,,,,,,0.0,,White,0
1101,1095.00,,,,,,,,White,0
1102,1096.00,,,,,,,1.0,White,1
1103,1333.00,,,,,,,,Other,0
1104,1097.00,,,,,,0.0,1.0,White,1
1105,1098.00,,,,,,,,White,0
1106,1099.00,,,,,,,0.0,White,0
1107,1100.00,0.0,0.0,0.0,,,,1.0,White,1
1108,1101.00,,,,,,0.0,,White,0
1109,1102.00,,,,,,,0.0,White,0
1110,1103.00,,,,,,,,White,0
1111,1104.00,0.0,1.0,1.0,,,0.0,1.0,White,1
1112,1105.00,,,,,,0.0,1.0,White,1
1113,1106.00,1.0,0.0,0.0,,,0.0,0.0,White,1
1114,1107.00,,,,,,0.0,,White,0
1115,1108.00,,,,,,0.0,1.0,White,1
1116,1176.00,,,,,,0.0,1.0,White,1
1120,1112.00,,,,,,0.0,,White,0
1121,1113.00,,,,,,,1.0,White,1
1122,1114.00,,,,,,0.0,0.0,White,0
1123,1277.00,,,,,,0.0,,White,0
1124,1115.00,1.0,0.0,1.0,,,0.0,1.0,White,1
1125,1116.00,,,,,,0.0,0.0,White,0
1126,1571.00,,,,,,,,White,0
1127,1117.00,1.0,0.0,0.0,,,,1.0,White,1
1128,1118.00,0.0,0.0,0.0,,,0.0,1.0,White,1
1129,1119.00,0.0,0.0,0.0,,,,0.0,White,0
1130,1120.00,,,,,,0.0,,White,0
1131,1591.00,,,,,,,,Hispanic/Latino,0
1132,1121.00,,,,,,0.0,1.0,White,1
1133,1137.00,,,,,,0.0,1.0,White,1
1134,1122.00,0.0,0.0,0.0,,,,1.0,White,1
1135,1123.00,,,,1.0,1.0,1.0,1.0,White,1
1136,1124.00,,,,,,,,White,0
1137,1125.00,,,,,,,1.0,White,1
1138,1126.00,,,,0.0,1.0,1.0,0.0,White,1
1139,1433.00,,,,,,,,White,0
1140,1128.00,,,,,,0.0,,White,0
1141,1213.00,,,,,,,1.0,White,1
1142,1129.00,,,,,,,,White,0
1143,1130.00,,,,,,,1.0,Hispanic/Latino,1
1145,1132.00,,,,,,,1.0,White,1
1146,1133.00,,,,,,0.0,,White,0
1147,1134.00,,,,,,0.0,,White,0
1149,1138.00,,,,,,0.0,,White,0
1150,1139.00,,,,,,,1.0,White,1
1151,1140.00,,,,,,,,White,0
1152,1141.00,,,,,,,,White,0
1154,1143.00,,,,,,,,White,0
1155,1144.00,0.0,0.0,0.0,,,,,White,0
1156,1145.00,,,,,,,,White,0
1157,1146.00,,,,,,0.0,1.0,White,1
1158,1147.00,,,,,,,,White,0
1159,1148.00,1.0,1.0,0.0,0.0,0.0,1.0,,White,1
1160,1149.00,,,,,,0.0,,White,0
1161,1341.00,,,,,,,,White,0
1162,1150.00,,,,,,,0.0,White,0
1163,1151.00,,,,,,,,White,0
1165,1153.00,,,,0.0,1.0,0.0,1.0,White,1
1167,1155.00,,,,,,,0.0,White,0
1168,1387.00,,,,,,0.0,,White,0
1170,1157.00,,,,,,,,White,0
1171,1569.00,,,,,,,,White,0
1172,1159.00,,,,,,,0.0,Asian,0
1173,1160.00,,,,,,0.0,1.0,White,1
1174,1161.00,,,,,,,1.0,White,1
1175,1162.00,,,,,,,1.0,White,1
1176,1163.00,0.0,0.0,0.0,,,0.0,,White,0
1177,1164.00,,,,,,0.0,0.0,White,0
1178,1165.00,,,,0.0,0.0,,0.0,White,0
1179,1166.00,,,,,,0.0,1.0,White,1
1180,1167.00,0.0,0.0,0.0,0.0,1.0,1.0,,White,1
1181,1168.00,,,,,,,,White,0
1182,1169.00,1.0,0.0,0.0,,,0.0,1.0,White,1
1185,1204.00,,,,,,,,White,0
1186,1172.00,0.0,1.0,0.0,,,0.0,,White,1
1188,1174.00,,,,,,,0.0,White,0
1189,1175.00,,,,,,,,White,0
1190,1177.00,,,,1.0,0.0,1.0,1.0,White,1
1191,1178.00,,,,,,0.0,,White,0
1192,1179.00,1.0,0.0,0.0,,,0.0,1.0,White,1
1193,1203.00,,,,,,,,White,0
1194,1180.00,0.0,0.0,0.0,1.0,1.0,1.0,1.0,White,1
1195,1181.00,,,,1.0,0.0,1.0,0.0,White,1
1196,1182.00,,,,,,,,White,0
1197,1456.00,,,,,,,,White,0
1198,1183.00,,,,,,,,White,0
1199,1184.00,,,,,,,0.0,White,0
1200,1185.00,,,,,,0.0,,White,0
1201,1186.00,,,,,,,,Am. Ind./AK Native,0
1202,1187.00,,,,,,0.0,,White,0
1203,1188.00,,,,,,,1.0,White,1
1204,1189.00,,,,0.0,1.0,,1.0,White,1
1205,1501.00,,,,,,,,White,0
1206,1190.00,,,,,,0.0,,White,0
1207,1191.00,0.0,0.0,0.0,,,0.0,1.0,White,1
1208,1192.00,0.0,0.0,0.0,1.0,1.0,0.0,1.0,White,1
1209,1193.00,1.0,1.0,1.0,1.0,1.0,1.0,1.0,White,1
1210,1194.00,0.0,0.0,0.0,,,,0.0,White,0
1211,1195.00,,,,,,0.0,,White,0
1212,1196.00,0.0,0.0,0.0,,,,,White,0
1213,1197.00,0.0,1.0,0.0,,,,1.0,White,1
1215,1199.00,,,,,,,,White,0
1216,1207.00,,,,,,,1.0,White,1
1217,1200.00,,,,,,0.0,1.0,White,1
1218,1201.00,1.0,0.0,1.0,,,0.0,0.0,White,1
1219,1202.00,,,,,,,1.0,White,1
1220,1205.00,,,,,,,0.0,White,0
1221,1206.00,0.0,1.0,0.0,,,,1.0,White,1
1222,1208.00,,,,,,,,White,0
1223,1209.00,1.0,0.0,0.0,,,0.0,0.0,White,1
1224,1210.00,1.0,0.0,0.0,,,,1.0,White,1
1225,1211.00,,,,,,,1.0,White,1
1226,1212.00,,,,,,1.0,1.0,White,1
1227,1278.00,,,,,,,1.0,Other,1
1228,1214.00,,,,1.0,0.0,0.0,1.0,White,1
1229,1215.00,,,,,,0.0,0.0,Other,0
1230,1216.00,,,,,,0.0,1.0,White,1
1231,1217.00,,,,,,0.0,,White,0
1232,1218.00,,,,,,0.0,,White,0
1233,1219.00,,,,,,,,White,0
1235,1221.00,,,,,,,1.0,White,1
1236,1222.00,1.0,0.0,0.0,,,,,White,1
1237,1223.00,0.0,0.0,0.0,,,,1.0,White,1
1238,1224.00,,,,,,0.0,1.0,White,1
1239,1225.00,,,,,,,,White,0
1240,1226.00,0.0,0.0,0.0,,,,,White,0
1241,1227.00,,,,,,,,White,0
1242,1228.00,,,,,,0.0,1.0,White,1
1243,1229.00,,,,,,0.0,,White,0
1244,1230.00,0.0,0.0,1.0,,,0.0,1.0,White,1
1245,1231.00,,,,,,0.0,,White,0
1246,1232.00,,,,,,,1.0,White,1
1247,1233.00,0.0,0.0,0.0,,,,0.0,White,0
1248,1234.00,0.0,1.0,0.0,,,,1.0,White,1
1249,1235.00,,,,,,0.0,0.0,White,0
1250,1236.00,,,,,,0.0,,White,0
1251,1237.00,,,,,,,,White,0
1252,1303.00,,,,,,,,White,0
1253,1238.00,,,,,,1.0,,White,1
1254,1239.00,,,,,,,,White,0
1255,1240.00,,,,,,0.0,1.0,White,1
1256,1241.00,0.0,0.0,0.0,,,0.0,,White,0
1257,1242.00,1.0,0.0,0.0,,,0.0,0.0,White,1
1258,1279.00,,,,,,,,White,0
1259,1243.00,,,,,,,,White,0
1260,1244.00,,,,,,,,White,0
1261,1245.00,,,,,,,,White,0
1263,1247.00,,,,,,,0.0,White,0
1264,1248.00,,,,,,0.0,0.0,White,0
1265,1255.00,,,,,,0.0,,White,0
1266,1249.00,0.0,0.0,0.0,1.0,0.0,1.0,1.0,White,1
1267,1250.00,,,,,,,,White,0
1268,1251.00,,,,,,,1.0,White,1
1269,1252.00,0.0,0.0,0.0,,,,,White,0
1270,1253.00,,,,,,,0.0,White,0
1271,1254.00,,,,,,0.0,1.0,White,1
1272,1268.00,0.0,0.0,0.0,,,,,White,0
1273,1256.00,,,,,,0.0,,White,0
1274,1257.00,1.0,0.0,0.0,,,,0.0,White,1
1275,1258.00,,,,,,0.0,,White,0
1276,1259.00,,,,,,,1.0,White,1
1277,1260.00,,,,,,0.0,0.0,White,0
1278,1261.00,,,,,,0.0,,White,0
1279,1276.00,,,,,,,,White,0
1280,1262.00,,,,1.0,0.0,,1.0,White,1
1281,1263.00,,,,,,,,Am. Ind./AK Native,0
1282,1264.00,,,,,,,,White,0
1283,1265.00,,,,,,,1.0,White,1
1286,1280.00,,,,,,,,Hispanic/Latino,0
1287,1269.00,0.0,0.0,0.0,,,,,White,0
1288,1270.00,,,,,,0.0,,White,0
1289,1271.00,,,,,,,,White,0
1290,1272.00,0.0,0.0,0.0,,,,,White,0
1291,1273.00,,,,,,,,White,0
1292,1274.00,,,,,,0.0,1.0,White,1
1293,1275.00,,,,,,,,White,0
1294,1281.00,,,,,,0.0,,White,0
1295,1282.00,,,,,,,,White,0
1296,1283.00,,,,,,0.0,0.0,White,0
1297,1284.00,,,,,,,,Two Or More,0
1298,1285.00,0.0,0.0,0.0,,,0.0,,White,0
1299,1286.00,,,,,,0.0,,Black,0
1300,1287.00,,,,,,,,White,0
1301,1295.00,,,,,,,,White,0
1302,1288.00,,,,,,0.0,,White,0
1303,1289.00,,,,,,0.0,,White,0
1304,1290.00,,,,,,,,Asian,0
1305,1291.00,,,,,,0.0,,White,0
1306,1292.00,,,,,,,0.0,White,0
1307,1293.00,,,,,,,,Hispanic/Latino,0
1308,1294.00,,,,,,,,White,0
1309,1404.00,,,,,,,1.0,White,1
1310,1296.00,,,,,,,,White,0
1312,1298.00,,,,,,,,Hispanic/Latino,0
1313,1299.00,,,,,,,,White,0
1314,1300.00,,,,,,,,White,0
1315,1301.00,,,,,,,,White,0
1316,1302.00,,,,,,0.0,,Asian,0
1317,1304.00,,,,,,,,White,0
1318,1305.00,,,,,,1.0,1.0,White,1
1319,1306.00,,,,,,,1.0,White,1
1320,1307.00,,,,,,,,White,0
1321,1308.00,,,,,,,1.0,White,1
1322,1309.00,0.0,0.0,0.0,,,,1.0,White,1
1323,1310.00,,,,,,,,White,0
1324,1311.00,0.0,0.0,0.0,,,,0.0,White,0
1325,1312.00,,,,,,,,Hispanic/Latino,0
1326,1313.00,,,,,,0.0,,White,0
1327,1314.00,0.0,1.0,0.0,,,,1.0,White,1
1328,1315.00,0.0,1.0,0.0,,,0.0,1.0,White,1
1329,1316.00,,,,,,0.0,1.0,White,1
1330,1317.00,,,,,,,1.0,White,1
1331,1332.00,,,,,,,1.0,White,1
1332,1318.00,,,,,,,,White,0
1333,1319.00,,,,,,0.0,1.0,White,1
1334,1320.00,,,,,,,,White,0
1335,1321.00,0.0,0.0,0.0,0.0,1.0,0.0,0.0,White,1
1336,1322.00,,,,,,,,White,0
1337,1323.00,0.0,0.0,0.0,,,0.0,1.0,White,1
1338,1592.00,,,,,,,,White,0
1339,1324.00,,,,,,,,White,0
1340,1325.00,,,,,,,,White,0
1341,1326.00,,,,,,,1.0,Asian,1
1342,1327.00,,,,,,,,White,0
1343,1328.00,0.0,0.0,0.0,,,0.0,,White,0
1344,1329.00,,,,,,,,White,0
1345,1330.00,,,,,,,,White,0
1346,1331.00,,,,,,,,White,0
1347,1405.00,,,,,,,,White,0
1348,1334.00,1.0,1.0,1.0,1.0,1.0,1.0,1.0,White,1
1349,1335.00,,,,,,,,White,0
1350,1336.00,,,,,,,,White,0
1351,1337.00,1.0,0.0,0.0,,,1.0,,White,1
1353,1339.00,,,,,,,,White,0
1355,1406.00,,,,,,,1.0,White,1
1356,1342.00,,,,,,,,White,0
1357,1343.00,,,,,,,,White,0
1358,1344.00,,,,,,0.0,1.0,White,1
1359,1345.00,,,,,,,1.0,White,1
1360,1346.00,,,,,,,,White,0
1361,1347.00,0.0,0.0,0.0,,,0.0,0.0,White,0
1362,1348.00,,,,,,,,White,0
1363,1407.00,,,,,,,,Asian,0
1364,1349.00,0.0,0.0,0.0,,,0.0,0.0,Other,0
1365,1350.00,1.0,0.0,0.0,,,0.0,1.0,White,1
1366,1351.00,1.0,1.0,1.0,,,0.0,1.0,White,1
1367,1352.00,,,,,,,,White,0
1368,1353.00,,,,,,,,White,0
1369,1354.00,0.0,0.0,0.0,,,0.0,,Hispanic/Latino,0
1370,1355.00,,,,,,,1.0,White,1
1371,1356.00,,,,,,0.0,,White,0
1372,1357.00,,,,,,,0.0,White,0
1373,1358.00,,,,,,,,White,0
1374,1359.00,,,,,,,1.0,White,1
1375,1360.00,,,,,,,1.0,White,1
1377,1362.00,,,,,,1.0,1.0,White,1
1378,1363.00,0.0,0.0,0.0,,,,,White,0
1380,1365.00,,,,,,1.0,,White,1
1381,1366.00,,,,,,0.0,0.0,White,0
1382,1388.00,,,,,,,,White,0
1383,1367.00,,,,0.0,1.0,1.0,1.0,White,1
1384,1368.00,0.0,0.0,0.0,,,,1.0,Am. Ind./AK Native,1
1385,1369.00,,,,,,,,Other,0
1386,1370.00,,,,,,0.0,,White,0
1387,1371.00,,,,,,,1.0,White,1
1388,1372.00,,,,,,,1.0,White,1
1389,1373.00,,,,,,0.0,1.0,White,1
1390,1374.00,0.0,0.0,0.0,,,,,White,0
1391,1375.00,,,,1.0,0.0,0.0,1.0,White,1
1392,1376.00,1.0,0.0,0.0,,,,,White,1
1393,1377.00,0.0,0.0,0.0,,,,,White,0
1394,1378.00,,,,,,0.0,,White,0
1395,1379.00,0.0,0.0,0.0,,,,,White,0
1396,1411.00,,,,,,,,White,0
1397,1380.00,,,,,,,,White,0
1398,1381.00,,,,,,0.0,1.0,White,1
1399,1382.00,,,,,,,,White,0
1400,1383.00,1.0,0.0,0.0,,,,1.0,White,1
1401,1384.00,,,,,,,,White,0
1402,1385.00,,,,,,,,White,0
1403,1386.00,,,,,,0.0,,White,0
1404,1455.00,1.0,0.0,1.0,,,,1.0,White,1
1405,1389.00,0.0,0.0,0.0,,,,,White,0
1406,1390.00,,,,,,0.0,,White,0
1407,1391.00,,,,,,,,Hispanic/Latino,0
1408,1392.00,,,,,,,1.0,White,1
1409,1393.00,0.0,0.0,0.0,,,0.0,,White,0
1410,1394.00,,,,0.0,1.0,0.0,1.0,Other,1
1411,1502.00,,,,,,,0.0,White,0
1412,1395.00,,,,,,0.0,,White,0
1413,1396.00,,,,,,,,White,0
1414,1397.00,,,,,,,,Hispanic/Latino,0
1415,1398.00,,,,,,,,Hispanic/Latino,0
1416,1399.00,,,,,,,,White,0
1417,1400.00,,,,,,0.0,,White,0
1418,1401.00,,,,,,,,White,0
1419,1402.00,,,,,,,,White,0
1420,1403.00,,,,,,,,White,0
1421,1408.00,1.0,0.0,1.0,,,0.0,0.0,White,1
1422,1409.00,,,,,,0.0,,White,0
1423,1410.00,,,,,,1.0,,Hispanic/Latino,1
1424,1412.00,1.0,0.0,0.0,,,0.0,,Other,1
1425,1413.00,,,,,,,,White,0
1426,1414.00,,,,,,,,White,0
1427,1415.00,,,,,,0.0,,White,0
1428,1593.00,,,,0.0,1.0,0.0,,White,1
1429,1416.00,,,,,,1.0,1.0,Am. Ind./AK Native,1
1430,1417.00,0.0,0.0,0.0,,,1.0,0.0,White,1
1431,1425.00,,,,,,,1.0,White,1
1432,1418.00,0.0,0.0,1.0,,,,,White,1
1433,1419.00,,,,,,0.0,,White,0
1435,1429.00,,,,,,,,White,0
1436,1421.00,0.0,0.0,0.0,0.0,0.0,0.0,,White,0
1437,1422.00,1.0,1.0,1.0,,,,1.0,White,1
1438,1423.00,,,,,,0.0,,White,0
1439,1424.00,,,,,,,,White,0
1440,1426.00,,,,,,,1.0,White,1
1441,1427.00,,,,,,0.0,1.0,White,1
1442,1428.00,,,,,,,,White,0
1443,1430.00,,,,,,,,Other,0
1444,1431.00,,,,,,,,White,0
1445,1432.00,,,,,,,1.0,White,1
1446,1434.00,0.0,1.0,0.0,,,,,White,1
1447,1435.00,0.0,1.0,0.0,,,,,White,1
1448,1436.00,0.0,0.0,0.0,,,0.0,0.0,White,0
1449,1437.00,0.0,0.0,0.0,,,0.0,1.0,White,1
1450,1438.00,,,,,,,,White,0
1451,1439.00,,,,,,,,Am. Ind./AK Native,0
1452,1537.00,,,,,,,0.0,Black,0
1453,1440.00,,,,,,0.0,,White,0
1454,1441.00,0.0,0.0,0.0,1.0,1.0,1.0,,White,1
1455,1442.00,,,,,,,,White,0
1456,1443.00,,,,,,,,White,0
1457,1444.00,,,,,,,,Hispanic/Latino,0
1458,1445.00,,,,,,,0.0,White,0
1459,1446.00,,,,,,0.0,0.0,White,0
1460,1447.00,,,,,,,,White,0
1461,1448.00,,,,,,,0.0,White,0
1463,1450.00,,,,,,,,White,0
1464,1451.00,,,,,,,1.0,White,1
1465,1452.00,,,,,,0.0,,White,0
1466,1453.00,,,,,,,,White,0
1467,1457.00,,,,,,,,White,0
1468,1458.00,,,,,,,,White,0
1469,1459.00,,,,,,,0.0,White,0
1470,1460.00,1.0,0.0,0.0,1.0,0.0,,1.0,Asian,1
1471,1461.00,,,,,,,,White,0
1472,1462.00,,,,,,1.0,1.0,White,1
1473,1463.00,,,,,,0.0,,White,0
1474,1464.00,,,,,,,1.0,White,1
1475,1465.00,,,,,,0.0,1.0,White,1
1476,1466.00,,,,,,0.0,1.0,White,1
1477,1467.00,,,,,,,1.0,White,1
1478,1468.00,,,,,,0.0,,White,0
1479,1469.00,,,,,,,,White,0
1480,1470.00,,,,,,,,White,0
1481,1471.00,,,,,,,,White,0
1482,1472.00,0.0,0.0,0.0,,,,,White,0
1483,1473.00,,,,,,0.0,,White,0
1484,1474.00,,,,,,,,White,0
1485,1475.00,,,,,,0.0,,White,0
1486,1476.00,,,,,,0.0,1.0,White,1
1487,1477.00,0.0,0.0,0.0,,,0.0,,White,0
1488,1478.00,,,,,,0.0,1.0,White,1
1489,1479.00,1.0,0.0,0.0,0.0,1.0,0.0,1.0,White,1
1490,1480.00,,,,,,,1.0,White,1
1491,1481.00,,,,,,0.0,,White,0
1492,1482.00,,,,,,,,White,0
1493,1483.00,,,,,,0.0,,White,0
1494,1484.00,,,,,,,1.0,White,1
1495,1485.00,,,,,,,1.0,White,1
1496,1486.00,,,,,,,,White,0
1497,1487.00,0.0,1.0,0.0,,,,1.0,White,1
1498,1488.00,,,,,,,,White,0
1499,1489.00,,,,,,,,White,0
1500,1490.00,,,,,,,0.0,White,0
1501,1491.00,1.0,0.0,0.0,,,,,White,1
1503,1493.00,,,,,,,,White,0
1504,1494.00,,,,,,,0.0,White,0
1505,1495.00,,,,,,,1.0,White,1
1506,1496.00,1.0,0.0,0.0,,,0.0,,White,1
1507,1497.00,,,,,,,,Asian,0
1508,1498.00,,,,,,,,Hispanic/Latino,0
1509,1499.00,1.0,0.0,0.0,,,,,White,1
1510,1500.00,,,,,,,1.0,White,1
1511,1503.00,,,,,,,,Two Or More,0
1512,1504.00,0.0,0.0,0.0,,,0.0,,White,0
1513,1505.00,,,,,,,1.0,White,1
1514,1506.00,0.0,0.0,0.0,0.0,1.0,0.0,,White,1
1515,1507.00,0.0,0.0,0.0,,,,,White,0
1516,1508.00,,,,1.0,0.0,1.0,1.0,White,1
1517,1509.00,,,,,,,,White,0
1518,1510.00,,,,,,,,White,0
1519,1524.00,0.0,0.0,0.0,,,,1.0,White,1
1520,1511.00,,,,,,0.0,,White,0
1521,1512.00,,,,0.0,1.0,1.0,1.0,White,1
1522,1513.00,0.0,0.0,0.0,,,0.0,0.0,White,0
1523,1514.00,1.0,0.0,0.0,,,0.0,1.0,White,1
1524,1515.00,,,,,,,,White,0
1525,1516.00,0.0,0.0,0.0,,,1.0,,White,1
1526,1517.00,1.0,1.0,0.0,1.0,0.0,1.0,1.0,White,1
1527,1518.00,,,,,,,1.0,White,1
1528,1519.00,,,,,,0.0,1.0,White,1
1529,1520.00,,,,,,,,White,0
1530,1521.00,,,,,,1.0,,White,1
1531,1522.00,,,,,,0.0,,Asian,0
1532,1523.00,0.0,1.0,0.0,,,1.0,1.0,White,1
1533,1526.00,0.0,0.0,0.0,,,0.0,1.0,White,1
1534,1527.00,,,,,,,,White,0
1535,1528.00,,,,,,,,White,0
1536,1529.00,,,,,,,,White,0
1537,1530.00,1.0,0.0,0.0,,,0.0,1.0,White,1
1538,1531.00,,,,,,0.0,0.0,White,0
1539,1532.00,0.0,0.0,0.0,,,,,White,0
1540,1533.00,,,,1.0,1.0,1.0,1.0,White,1
1541,1534.00,,,,,,,,White,0
1542,1535.00,,,,,,,,White,0
1543,1536.00,,,,,,,0.0,White,0
1544,1538.00,,,,,,,,White,0
1545,1539.00,,,,,,0.0,0.0,Hispanic/Latino,0
1546,1540.00,0.0,0.0,0.0,,,0.0,1.0,White,1
1547,1542.00,1.0,0.0,0.0,,,,0.0,White,1
1549,1544.00,,,,,,0.0,,White,0
1550,1545.00,,,,,,,1.0,White,1
1551,1546.00,,,,,,,,White,0
1552,1547.00,0.0,0.0,0.0,0.0,1.0,0.0,1.0,White,1
1553,1548.00,,,,,,,,White,0
1555,1551.00,,,,,,,,White,0
1556,1552.00,,,,,,,1.0,White,1
1557,1553.00,,,,,,0.0,,Hispanic/Latino,0
1558,1554.00,0.0,0.0,0.0,,,1.0,1.0,White,1
1559,1555.00,0.0,0.0,0.0,,,,,White,0
1560,1556.00,,,,,,,,White,0
1561,1557.00,,,,,,,,White,0
1562,1558.00,,,,,,,0.0,Black,0
1563,1572.00,,,,,,0.0,,White,0
1564,1559.00,0.0,0.0,0.0,,,,1.0,White,1
1565,1560.00,,,,,,,,White,0
1566,1561.00,,,,,,,0.0,White,0
1567,1562.00,,,,,,0.0,0.0,White,0
1568,1570.00,,,,,,,,White,0
1569,1563.00,,,,,,0.0,0.0,White,0
1570,1564.00,,,,,,,,Two Or More,0
1571,1565.00,,,,0.0,1.0,0.0,1.0,Am. Ind./AK Native,1
1572,1566.00,,,,,,,1.0,White,1
1573,1567.00,,,,,,0.0,1.0,White,1
1574,1568.00,,,,,,,0.0,White,0
1575,1573.00,,,,,,0.0,1.0,White,1
1576,1574.00,,,,,,,,White,0
1577,1575.00,,,,,,,,White,0
1578,1576.00,0.0,0.0,0.0,1.0,1.0,0.0,0.0,White,1
1579,1577.00,1.0,0.0,0.0,,,,1.0,White,1
1580,1578.00,,,,,,0.0,,White,0
1581,1623.00,0.0,0.0,0.0,,,,1.0,White,1
1582,1579.00,,,,,,,,White,0
1583,1580.00,,,,,,,,White,0
1584,1581.00,0.0,0.0,0.0,,,0.0,0.0,Hispanic/Latino,0
1585,1582.00,,,,,,0.0,,White,0
1586,1583.00,,,,1.0,0.0,1.0,1.0,White,1
1587,1590.00,0.0,0.0,0.0,,,,1.0,White,1
1588,1584.00,,,,,,0.0,,White,0
1589,1585.00,1.0,0.0,0.0,,,0.0,0.0,White,1
1590,1586.00,0.0,0.0,0.0,,,0.0,1.0,White,1
1591,1587.00,,,,,,,,White,0
1592,1588.00,,,,,,,,White,0
1593,1589.00,,,,,,,,White,0
1595,1595.00,,,,,,,,White,0
1597,1597.00,,,,,,,,White,0
1598,1598.00,,,,,,0.0,,White,0
1599,1599.00,1.0,0.0,0.0,,,,,White,1
1601,1601.00,,,,,,,,White,0
1602,1602.00,,,,,,0.0,,White,0
1603,1603.00,0.0,0.0,0.0,0.0,1.0,1.0,1.0,White,1
1604,1604.00,,,,,,,,White,0
1605,1605.00,,,,,,,1.0,Asian,1
1606,1606.00,,,,,,,0.0,White,0
1607,1607.00,,,,,,,,Black,0
1608,1608.00,,,,,,,,White,0
1609,1609.00,0.0,0.0,0.0,,,0.0,,White,0
1610,1610.00,,,,,,,,White,0
1611,1611.00,,,,,,0.0,1.0,White,1
1612,1612.00,,,,,,0.0,,White,0
1613,1613.00,,,,,,,1.0,White,1
1615,1615.00,,,,,,,,White,0
1616,1616.00,,,,,,,,White,0
1617,1617.00,,,,,,,,White,0
1618,1618.00,,,,,,0.0,,White,0
1619,1619.00,1.0,0.0,0.0,,,,1.0,White,1
1620,1620.00,0.0,1.0,0.0,,,0.0,1.0,White,1
1621,1621.00,0.0,1.0,0.0,,,0.0,1.0,White,1
1622,1622.00,,,,,,,,White,0
1623,1624.00,,,,,,1.0,1.0,White,1
1624,1625.00,,,,,,,1.0,White,1
1625,1626.00,0.0,1.0,1.0,,,0.0,1.0,White,1
1626,1627.00,0.0,0.0,0.0,,,,,White,0
1627,1640.00,,,,,,,1.0,White,1
1628,1628.00,,,,,,0.0,,White,0
1629,1629.00,0.0,0.0,0.0,,,,,White,0
1630,1630.00,,,,,,0.0,1.0,White,1
1631,1631.00,1.0,0.0,0.0,1.0,0.0,1.0,1.0,White,1
1632,1632.00,,,,,,,,White,0
1633,1633.00,,,,,,,0.0,White,0
1634,1641.00,,,,,,,,White,0
1635,1634.00,0.0,0.0,0.0,,,0.0,1.0,White,1
1636,1644.00,,,,,,,,White,0
1637,1635.00,,,,,,0.0,,White,0
1638,1636.00,,,,0.0,0.0,0.0,,White,0
1639,1637.00,,,,,,,0.0,White,0
1640,1638.00,,,,,,0.0,,White,0
1641,1639.00,,,,,,0.0,,White,0
1642,1642.00,,,,,,,,White,0
1643,1643.00,,,,,,,,White,0
1644,1663.00,,,,,,0.0,1.0,White,1
1645,1645.00,0.0,0.0,0.0,0.0,0.0,,1.0,White,1
1646,1646.00,,,,0.0,1.0,1.0,1.0,White,1
1647,1647.00,,,,,,,0.0,White,0
1648,1648.00,,,,,,,,White,0
1649,1654.00,,,,,,,,White,0
1650,1649.00,1.0,0.0,0.0,,,0.0,1.0,White,1
1651,1650.00,,,,,,,1.0,White,1
1652,1651.00,0.0,0.0,1.0,,,0.0,,White,1
1653,1652.00,1.0,0.0,0.0,,,,,White,1
1654,1653.00,0.0,0.0,0.0,,,0.0,1.0,Hispanic/Latino,1
1655,1673.00,,,,,,,,White,0
1656,1655.00,0.0,0.0,0.0,,,,,White,0
1657,1656.00,,,,,,0.0,1.0,White,1
1658,1657.00,,,,,,0.0,,White,0
1659,1658.00,,,,,,,,White,0
1660,1659.00,0.0,0.0,0.0,,,0.0,1.0,White,1
1661,1660.00,0.0,0.0,0.0,0.0,0.0,0.0,,White,0
1662,1691.00,,,,,,,,White,0
1663,1661.00,,,,,,,1.0,White,1
1664,1662.00,,,,,,0.0,1.0,White,1
1665,1664.00,0.0,0.0,0.0,,,0.0,1.0,White,1
1666,1665.00,1.0,1.0,1.0,,,0.0,,White,1
1667,1666.00,0.0,0.0,0.0,,,,,White,0
1668,1692.00,,,,,,,,White,0
1669,1667.00,1.0,0.0,0.0,,,0.0,,White,1
1670,1668.00,0.0,0.0,0.0,,,0.0,1.0,White,1
1671,1688.00,,,,,,,,White,0
1672,1669.00,,,,,,0.0,1.0,White,1
1673,1670.00,,,,,,,1.0,White,1
1674,1671.00,0.0,0.0,0.0,,,0.0,,White,0
1675,1672.00,0.0,0.0,0.0,,,0.0,,White,0
1676,1674.00,0.0,1.0,0.0,,,1.0,1.0,White,1
1677,1675.00,,,,,,,1.0,White,1
1678,1705.00,,,,,,,,White,0
1680,1677.00,1.0,0.0,0.0,,,1.0,1.0,White,1
1681,1678.00,,,,,,1.0,1.0,White,1
1682,1679.00,0.0,1.0,0.0,0.0,1.0,1.0,1.0,White,1
1683,1680.00,,,,,,,,White,0
1684,1681.00,,,,,,,1.0,White,1
1685,1682.00,,,,,,,,Hispanic/Latino,0
1686,1683.00,,,,,,,,White,0
1687,1684.00,,,,,,,,White,0
1688,1685.00,0.0,0.0,0.0,,,,1.0,White,1
1689,1686.00,,,,,,,1.0,White,1
1690,1687.00,0.0,0.0,0.0,,,0.0,1.0,Two Or More,1
1691,1689.00,0.0,0.0,0.0,,,0.0,1.0,White,1
1692,1690.00,,,,,,0.0,1.0,White,1
1693,1693.00,,,,,,0.0,,White,0
1694,1694.00,,,,,,,0.0,White,0
1695,1695.00,,,,,,,1.0,White,1
1697,1697.00,,,,,,,,Asian,0
1698,1698.00,,,,,,1.0,1.0,White,1
1700,1700.00,,,,,,,1.0,White,1
1701,1701.00,,,,,,,,Am. Ind./AK Native,0
1702,1702.00,,,,,,0.0,0.0,White,0
1703,1703.00,1.0,0.0,0.0,,,1.0,1.0,White,1
1704,1704.00,,,,,,,1.0,White,1
1705,1706.00,,,,,,,,White,0
1706,1707.00,,,,,,,,Black,0
1707,1708.00,,,,,,,,White,0
1708,1709.00,,,,,,,,White,0
1709,1710.00,,,,,,,1.0,White,1
1710,1711.00,,,,,,,,White,0
1711,1712.00,,,,0.0,0.0,0.0,1.0,Am. Ind./AK Native,1
1712,1713.00,0.0,1.0,0.0,,,0.0,1.0,White,1
1713,1714.00,0.0,0.0,0.0,,,1.0,1.0,Hispanic/Latino,1
1714,1715.00,0.0,0.0,0.0,,,,,Asian,0
1715,1716.00,,,,,,0.0,,White,0
1716,1717.00,,,,,,,,White,0
1717,1718.00,0.0,0.0,1.0,,,1.0,1.0,White,1
1718,1719.00,,,,,,,1.0,White,1
1719,1720.00,0.0,0.0,0.0,,,,,White,0
1720,1721.00,0.0,0.0,0.0,,,,1.0,White,1
1721,1722.00,,,,,,0.0,,White,0
1722,1723.00,0.0,0.0,0.0,,,0.0,,White,0
1723,1724.00,,,,,,,,White,0
1724,1752.00,,,,,,,,White,0
1725,1725.00,,,,,,,,White,0
1726,1726.00,,,,,,,,White,0
1727,1727.00,0.0,0.0,0.0,,,0.0,,White,0
1728,1728.00,,,,,,,0.0,White,0
1729,1729.00,,,,,,0.0,,White,0
1730,1730.00,,,,,,0.0,1.0,White,1
1731,1753.00,,,,,,0.0,1.0,White,1
1732,1731.00,1.0,1.0,0.0,0.0,1.0,0.0,1.0,White,1
1734,1733.00,,,,,,0.0,,White,0
1735,1734.00,,,,,,,,White,0
1736,1735.00,0.0,0.0,0.0,1.0,1.0,1.0,,White,1
1737,1736.00,,,,,,0.0,,White,0
1738,1737.00,,,,,,1.0,,White,1
1739,1738.00,,,,,,0.0,,White,0
1740,1739.00,,,,,,0.0,,White,0
1741,1740.00,,,,,,0.0,1.0,White,1
1742,1741.00,,,,,,0.0,1.0,White,1
1743,1742.00,,,,,,0.0,,White,0
1744,1743.00,,,,,,0.0,0.0,White,0
1745,1744.00,,,,,,0.0,,White,0
1746,1745.00,0.0,0.0,0.0,,,0.0,0.0,White,0
1747,1746.00,,,,,,0.0,,White,0
1748,1747.00,,,,,,0.0,,White,0
1749,1748.00,,,,,,0.0,1.0,White,1
1750,1749.00,0.0,1.0,0.0,,,,1.0,White,1
1751,1750.00,,,,,,,1.0,White,1
1752,1751.00,,,,,,0.0,,White,0
1753,1754.00,0.0,1.0,1.0,,,0.0,1.0,White,1
1755,1756.00,,,,,,,0.0,White,0
1756,1757.00,,,,,,,,White,0
1757,1758.00,,,,,,,,White,0
1758,1759.00,,,,,,0.0,,White,0
1759,1760.00,,,,,,1.0,1.0,White,1
1760,1958.00,,,,,,,0.0,White,0
1761,1761.00,0.0,0.0,1.0,,,0.0,1.0,White,1
1762,1762.00,,,,,,1.0,1.0,White,1
1763,1763.00,,,,,,,,White,0
1764,1764.00,,,,,,0.0,,White,0
1765,1765.00,,,,,,0.0,,White,0
1766,1766.00,0.0,1.0,1.0,,,,,Black,1
1767,1767.00,0.0,0.0,0.0,,,0.0,1.0,White,1
1768,1768.00,,,,,,0.0,,White,0
1769,1769.00,,,,,,0.0,,White,0
1770,1770.00,,,,,,0.0,1.0,Hispanic/Latino,1
1771,1771.00,0.0,0.0,0.0,1.0,0.0,1.0,1.0,White,1
1772,1772.00,0.0,0.0,0.0,,,0.0,1.0,White,1
1773,1780.00,,,,0.0,1.0,0.0,0.0,White,1
1774,1773.00,0.0,0.0,1.0,1.0,0.0,0.0,1.0,White,1
1775,1774.00,,,,,,0.0,1.0,White,1
1776,1775.00,,,,,,0.0,,White,0
1777,1776.00,,,,0.0,0.0,1.0,0.0,White,1
1778,1777.00,,,,,,0.0,,White,0
1779,1778.00,,,,,,,,White,0
1780,1779.00,,,,,,0.0,,White,0
1781,1781.00,,,,,,0.0,,White,0
1782,1782.00,,,,,,0.0,,White,0
1783,1783.00,,,,,,0.0,1.0,White,1
1784,1784.00,,,,1.0,0.0,0.0,,White,1
1786,1786.00,0.0,0.0,0.0,,,0.0,,White,0
1787,1787.00,,,,,,0.0,,White,0
1788,1788.00,,,,,,0.0,0.0,White,0
1789,1789.00,,,,,,0.0,,White,0
1790,1790.00,,,,,,,,White,0
1791,1791.00,,,,,,0.0,,White,0
1792,1792.00,,,,,,0.0,,Hispanic/Latino,0
1793,1793.00,,,,,,,,White,0
1794,2168.00,,,,,,,,White,0
1795,1794.00,1.0,0.0,0.0,,,0.0,,White,1
1796,1795.00,,,,,,,,White,0
1797,1796.00,,,,,,0.0,1.0,White,1
1798,1797.00,1.0,0.0,0.0,,,0.0,,White,1
1799,1798.00,1.0,0.0,0.0,,,0.0,,White,1
1800,1811.00,0.0,0.0,1.0,,,1.0,1.0,White,1
1801,1799.00,0.0,1.0,1.0,,,0.0,1.0,White,1
1802,1800.00,,,,,,0.0,1.0,White,1
1803,1801.00,0.0,0.0,0.0,,,0.0,,White,0
1804,1802.00,,,,,,0.0,,White,0
1805,1803.00,,,,,,,,White,0
1806,1804.00,1.0,0.0,0.0,,,0.0,1.0,White,1
1807,2250.00,,,,,,0.0,,White,0
1808,1805.00,,,,,,0.0,1.0,White,1
1809,1806.00,,,,,,,0.0,Hispanic/Latino,0
1810,1807.00,,,,,,,,White,0
1811,1808.00,,,,,,,1.0,White,1
1812,1809.00,,,,,,,,White,0
1813,1810.00,0.0,1.0,1.0,,,1.0,,White,1
1814,1812.00,,,,,,0.0,0.0,White,0
1815,1813.00,0.0,0.0,1.0,,,1.0,1.0,White,1
1816,1814.00,0.0,0.0,0.0,,,,,Am. Ind./AK Native,0
1817,1815.00,0.0,0.0,0.0,,,0.0,,White,0
1818,1816.00,,,,,,,,White,0
1819,1823.00,,,,,,,,White,0
1820,1817.00,0.0,0.0,0.0,,,,0.0,Asian,0
1821,1818.00,0.0,0.0,0.0,0.0,1.0,0.0,,Hispanic/Latino,1
1822,1819.00,,,,,,,,White,0
1823,1820.00,0.0,0.0,0.0,1.0,1.0,1.0,1.0,White,1
1824,1821.00,,,,,,1.0,,White,1
1825,1822.00,,,,,,,,White,0
1826,2350.00,,,,,,,,White,0
1827,1824.00,0.0,0.0,0.0,,,0.0,,White,0
1828,1825.00,,,,,,,0.0,White,0
1830,1827.00,,,,,,,,White,0
1831,1828.00,,,,,,0.0,,White,0
1832,1829.00,0.0,1.0,0.0,,,0.0,1.0,White,1
1833,1830.00,,,,,,,,Hispanic/Latino,0
1834,1831.00,,,,,,0.0,1.0,White,1
1835,1832.00,,,,,,0.0,,White,0
1836,1833.00,,,,,,,1.0,White,1
1837,1834.00,,,,,,,1.0,White,1
1838,1835.00,,,,,,0.0,,White,0
1839,1980.00,,,,,,1.0,1.0,White,1
1840,1836.00,,,,,,0.0,,White,0
1841,1837.00,1.0,1.0,1.0,,,,1.0,White,1
1842,1838.00,,,,,,,,White,0
1843,1839.00,,,,,,,,White,0
1845,1841.00,,,,,,,,White,0
1846,1842.00,0.0,1.0,0.0,,,1.0,1.0,White,1
1847,1843.00,,,,,,,,White,0
1848,1844.00,0.0,1.0,0.0,,,1.0,,White,1
1849,1845.00,,,,,,,1.0,White,1
1850,1846.00,0.0,0.0,0.0,,,0.0,1.0,White,1
1851,1847.00,,,,,,,1.0,White,1
1852,1848.00,,,,,,0.0,1.0,White,1
1853,2064.00,,,,,,,,Hispanic/Latino,0
1854,1849.00,,,,,,,,White,0
1855,1850.00,,,,,,,,White,0
1856,1851.00,,,,,,0.0,,White,0
1857,1852.00,,,,,,0.0,,White,0
1858,1853.00,,,,,,0.0,,White,0
1859,1854.00,,,,,,,,White,0
1860,1855.00,1.0,0.0,0.0,,,0.0,,White,1
1861,1856.00,,,,,,0.0,,White,0
1862,1857.00,0.0,1.0,0.0,,,0.0,,White,1
1863,1858.00,0.0,0.0,0.0,,,0.0,1.0,White,1
1864,1859.00,,,,,,,,White,0
1865,1860.00,,,,,,,,White,0
1866,1861.00,,,,,,,,White,0
1867,1862.00,,,,,,0.0,1.0,Hispanic/Latino,1
1868,1931.00,,,,,,0.0,,White,0
1869,1863.00,,,,,,,,White,0
1870,1864.00,,,,,,,,White,0
1871,1865.00,,,,,,0.0,,White,0
1872,1866.00,,,,,,,,White,0
1873,1867.00,,,,,,,,White,0
1874,1868.00,,,,,,,,White,0
1875,1869.00,,,,,,0.0,,White,0
1876,1889.00,,,,,,,,White,0
1877,1870.00,,,,0.0,1.0,0.0,,White,1
1878,1871.00,,,,,,0.0,,White,0
1879,1872.00,,,,,,,0.0,White,0
1880,1873.00,,,,,,,1.0,White,1
1881,1874.00,,,,,,,,Other,0
1882,1875.00,,,,,,0.0,1.0,White,1
1883,1896.00,,,,,,0.0,,White,0
1884,1876.00,0.0,0.0,0.0,,,,,White,0
1885,1877.00,1.0,0.0,1.0,,,0.0,1.0,White,1
1886,1878.00,0.0,0.0,0.0,,,0.0,,White,0
1887,1879.00,,,,,,0.0,1.0,White,1
1888,1880.00,1.0,0.0,0.0,,,,,White,1
1889,1881.00,,,,,,,,White,0
1890,1882.00,,,,,,0.0,,White,0
1891,1883.00,,,,,,,,White,0
1892,1884.00,,,,,,0.0,,White,0
1893,1885.00,,,,,,,1.0,White,1
1894,1886.00,,,,,,,,White,0
1895,1887.00,,,,,,1.0,,White,1
1896,1888.00,,,,,,0.0,,Am. Ind./AK Native,0
1897,1890.00,,,,,,0.0,1.0,White,1
1898,1891.00,0.0,0.0,0.0,0.0,1.0,0.0,1.0,White,1
1899,1892.00,0.0,0.0,0.0,,,0.0,1.0,White,1
1900,1893.00,,,,,,,,White,0
1902,1895.00,,,,,,,,White,0
1903,1930.00,,,,,,,,White,0
1904,1897.00,,,,,,,,White,0
1905,1898.00,0.0,1.0,1.0,,,,1.0,White,1
1906,1899.00,,,,,,0.0,,White,0
1907,1900.00,,,,,,,,Hispanic/Latino,0
1908,1901.00,,,,,,,,White,0
1909,1902.00,,,,,,,,White,0
1910,1909.00,,,,,,,,White,0
1911,1903.00,,,,,,0.0,,White,0
1912,1904.00,,,,,,0.0,1.0,White,1
1914,1906.00,,,,,,,,White,0
1915,1907.00,,,,,,0.0,,White,0
1916,1908.00,0.0,0.0,0.0,,,,,Asian,0
1917,2003.00,,,,,,,1.0,White,1
1918,1910.00,,,,,,,,White,0
1919,1911.00,,,,,,,1.0,White,1
1920,1912.00,,,,,,,,White,0
1922,1914.00,1.0,0.0,0.0,,,0.0,1.0,White,1
1923,1921.00,1.0,0.0,0.0,,,,,White,1
1924,2098.00,,,,,,,,White,0
1926,1916.00,,,,,,0.0,1.0,White,1
1927,1917.00,,,,,,,,White,0
1928,1918.00,,,,,,,,White,0
1929,1919.00,,,,,,,1.0,White,1
1931,2011.00,,,,,,,,White,0
1932,1922.00,0.0,0.0,0.0,,,0.0,,White,0
1933,1923.00,,,,,,,1.0,White,1
1934,1924.00,1.0,0.0,0.0,,,0.0,1.0,White,1
1935,1925.00,,,,,,0.0,,White,0
1936,1926.00,,,,,,,0.0,White,0
1937,1927.00,,,,,,,,White,0
1938,1928.00,,,,,,,,White,0
1939,1929.00,,,,,,,,White,0
1940,1932.00,0.0,1.0,1.0,,,1.0,1.0,White,1
1941,1933.00,0.0,1.0,1.0,1.0,0.0,0.0,1.0,White,1
1942,1934.00,,,,,,0.0,,White,0
1943,1935.00,,,,,,,1.0,White,1
1945,1936.00,,,,,,,1.0,White,1
1946,1937.00,,,,,,,1.0,White,1
1947,1938.00,,,,,,0.0,1.0,Hispanic/Latino,1
1948,1939.00,1.0,0.0,0.0,,,,,White,1
1949,1940.00,,,,,,,0.0,White,0
1950,1941.00,,,,,,,,White,0
1951,1950.00,,,,,,,1.0,White,1
1952,1942.00,1.0,0.0,0.0,,,,0.0,Asian,1
1953,1943.00,0.0,0.0,0.0,,,0.0,1.0,White,1
1954,1944.00,,,,,,1.0,1.0,White,1
1955,1945.00,,,,,,,,White,0
1956,1946.00,,,,,,0.0,,White,0
1957,1947.00,0.0,0.0,0.0,,,0.0,,White,0
1958,1948.00,,,,,,,1.0,White,1
1960,1952.00,0.0,1.0,0.0,,,,1.0,White,1
1961,1953.00,,,,,,,0.0,White,0
1962,1954.00,,,,,,,0.0,White,0
1963,1955.00,,,,,,,1.0,White,1
1964,1956.00,1.0,0.0,0.0,,,,1.0,White,1
1965,1957.00,0.0,1.0,1.0,,,,1.0,White,1
1966,1987.00,,,,,,,1.0,White,1
1967,1959.00,0.0,0.0,0.0,1.0,0.0,1.0,1.0,White,1
1968,1960.00,,,,,,,1.0,White,1
1969,2689.00,,,,,,,,White,0
1970,1961.00,,,,,,,,White,0
1971,1962.00,,,,,,,1.0,Other,1
1972,1963.00,0.0,0.0,0.0,,,,,White,0
1973,1964.00,,,,,,0.0,0.0,White,0
1974,1965.00,,,,,,,,White,0
1975,1966.00,,,,,,,0.0,White,0
1976,1967.00,,,,,,0.0,1.0,White,1
1977,1968.00,,,,,,,1.0,White,1
1979,1970.00,0.0,0.0,0.0,,,0.0,0.0,White,0
1980,1971.00,,,,,,1.0,1.0,White,1
1981,1972.00,,,,,,,1.0,White,1
1983,1974.00,,,,,,,,White,0
1984,1975.00,0.0,1.0,0.0,,,,1.0,White,1
1985,1976.00,,,,,,0.0,1.0,White,1
1986,1977.00,,,,,,0.0,0.0,White,0
1987,1978.00,,,,,,,,White,0
1988,1979.00,,,,,,,,White,0
1989,1981.00,,,,,,,1.0,White,1
1990,1982.00,,,,,,0.0,,White,0
1991,1983.00,,,,,,1.0,1.0,White,1
1992,1984.00,,,,,,0.0,1.0,White,1
1993,1985.00,0.0,1.0,0.0,,,0.0,,Hispanic/Latino,1
1994,1986.00,,,,0.0,0.0,0.0,,White,0
1995,1988.00,,,,,,0.0,0.0,White,0
1996,1989.00,,,,,,,1.0,White,1
1997,1990.00,,,,1.0,0.0,,1.0,White,1
1998,2101.00,,,,,,,,White,0
1999,1991.00,,,,,,0.0,1.0,White,1
2000,1992.00,,,,0.0,1.0,0.0,1.0,Two Or More,1
2001,1993.00,,,,0.0,1.0,,1.0,White,1
2002,1994.00,,,,,,0.0,1.0,White,1
2003,1995.00,0.0,0.0,1.0,,,0.0,1.0,White,1
2004,1996.00,0.0,0.0,0.0,,,,1.0,White,1
2005,1997.00,0.0,0.0,0.0,,,0.0,0.0,White,0
2006,1998.00,,,,,,,1.0,White,1
2007,2006.00,,,,,,,,White,0
2008,1999.00,0.0,0.0,0.0,0.0,0.0,0.0,1.0,White,1
2009,2000.00,,,,,,0.0,1.0,White,1
2010,2001.00,,,,,,,,White,0
2011,2002.00,,,,,,,,Haw/Pac Isl.,0
2012,2004.00,,,,,,0.0,,White,0
2013,2005.00,0.0,0.0,0.0,,,1.0,0.0,White,1
2014,2007.00,0.0,0.0,0.0,,,1.0,1.0,White,1
2015,2008.00,,,,,,0.0,,White,0
2016,2009.00,,,,,,,1.0,White,1
2017,2010.00,0.0,0.0,0.0,,,0.0,,White,0
2018,2012.00,1.0,0.0,0.0,,,,1.0,White,1
2019,2013.00,,,,,,0.0,,White,0
2020,2014.00,1.0,1.0,1.0,1.0,1.0,1.0,1.0,Am. Ind./AK Native,1
2021,2015.00,,,,,,0.0,,White,0
2022,2016.00,0.0,0.0,0.0,,,0.0,,White,0
2023,2017.00,,,,,,,,White,0
2024,2029.00,,,,,,1.0,1.0,White,1
2025,2018.00,0.0,0.0,0.0,,,1.0,1.0,White,1
2026,2031.00,,,,,,,,White,0
2027,2019.00,1.0,0.0,0.0,,,0.0,1.0,White,1
2028,2020.00,,,,0.0,0.0,0.0,,White,0
2029,2021.00,,,,,,,,White,0
2030,2022.00,,,,,,0.0,,White,0
2031,2023.00,,,,0.0,1.0,1.0,1.0,White,1
2032,2024.00,,,,,,0.0,1.0,White,1
2033,2025.00,0.0,1.0,0.0,,,1.0,1.0,White,1
2034,2026.00,0.0,0.0,0.0,,,0.0,,White,0
2035,2027.00,0.0,0.0,0.0,,,0.0,1.0,White,1
2036,2028.00,0.0,0.0,0.0,,,1.0,,Hispanic/Latino,1
2037,2030.00,,,,,,,1.0,White,1
2038,2032.00,1.0,0.0,0.0,,,1.0,,White,1
2039,2033.00,,,,,,,,White,0
2041,2035.00,0.0,0.0,0.0,,,,,White,0
2042,2036.00,,,,,,,,White,0
2044,2037.00,0.0,1.0,1.0,,,1.0,1.0,White,1
2045,2038.00,,,,,,,,White,0
2046,2039.00,,,,,,,,White,0
2047,2040.00,0.0,0.0,0.0,,,0.0,1.0,White,1
2048,2041.00,,,,0.0,1.0,0.0,1.0,White,1
2049,2042.00,,,,,,,,White,0
2050,2062.00,,,,,,,,White,0
2051,2043.00,0.0,0.0,0.0,,,,,White,0
2052,2050.00,,,,,,0.0,,White,0
2053,2044.00,1.0,0.0,0.0,,,,1.0,White,1
2054,2045.00,0.0,0.0,0.0,,,,,Hispanic/Latino,0
2055,2046.00,0.0,0.0,0.0,,,0.0,,White,0
2056,2047.00,,,,,,,1.0,White,1
2057,2063.00,,,,,,,,White,0
2058,2049.00,,,,,,,0.0,Hispanic/Latino,0
2059,2051.00,,,,,,0.0,0.0,White,0
2060,2052.00,1.0,0.0,0.0,1.0,0.0,0.0,1.0,White,1
2061,2053.00,0.0,0.0,0.0,0.0,0.0,1.0,1.0,White,1
2062,2054.00,,,,,,,,White,0
2063,2055.00,,,,,,,,White,0
2064,2056.00,,,,,,,1.0,White,1
2065,2057.00,,,,,,,0.0,White,0
2066,2058.00,1.0,0.0,0.0,,,0.0,0.0,Hispanic/Latino,1
2067,2059.00,,,,,,0.0,,White,0
2068,2060.00,,,,,,0.0,1.0,White,1
2069,2061.00,1.0,0.0,0.0,,,,1.0,White,1
2070,2065.00,,,,,,,,White,0
2072,2067.00,0.0,0.0,0.0,,,0.0,,White,0
2073,2068.00,,,,,,,,Hispanic/Latino,0
2074,2069.00,,,,,,0.0,1.0,White,1
2075,2070.00,,,,,,,,White,0
2076,2071.00,,,,,,,,White,0
2077,2072.00,0.0,0.0,0.0,,,,,White,0
2078,2073.00,,,,,,0.0,1.0,White,1
2079,2074.00,,,,,,1.0,1.0,White,1
2080,2075.00,,,,,,0.0,,White,0
2081,2076.00,0.0,0.0,0.0,1.0,0.0,1.0,1.0,White,1
2082,2077.00,,,,,,0.0,0.0,White,0
2083,2100.00,,,,,,,,White,0
2084,2078.00,,,,,,1.0,1.0,White,1
2085,2079.00,,,,,,1.0,1.0,White,1
2086,2080.00,,,,,,0.0,,White,0
2087,2081.00,,,,,,,1.0,White,1
2088,2082.00,0.0,0.0,0.0,0.0,1.0,0.0,,White,1
2089,2083.00,,,,,,0.0,,White,0
2090,2084.00,,,,,,0.0,,White,0
2091,2085.00,0.0,1.0,0.0,,,,1.0,White,1
2092,2086.00,,,,,,1.0,1.0,White,1
2093,2087.00,,,,,,,,White,0
2094,2088.00,,,,,,,,White,0
2095,2089.00,,,,,,,0.0,White,0
2096,2090.00,1.0,0.0,1.0,,,1.0,1.0,White,1
2097,2091.00,,,,,,,1.0,White,1
2098,2092.00,1.0,0.0,0.0,,,0.0,,White,1
2099,2093.00,0.0,0.0,0.0,1.0,1.0,1.0,1.0,White,1
2100,2094.00,1.0,1.0,1.0,,,0.0,1.0,White,1
2101,2095.00,0.0,0.0,0.0,,,0.0,,White,0
2102,2096.00,0.0,1.0,0.0,,,,0.0,White,1
2103,2097.00,0.0,0.0,0.0,,,0.0,,White,0
2104,2099.00,,,,,,,,White,0
2105,2102.00,0.0,1.0,1.0,,,1.0,1.0,White,1
2106,2103.00,0.0,0.0,0.0,,,0.0,,White,0
2107,2104.00,,,,0.0,1.0,,,White,1
2108,2123.00,,,,,,,,White,0
2109,2105.00,,,,,,0.0,,White,0
2110,2106.00,,,,,,,0.0,White,0
2112,2108.00,0.0,0.0,0.0,,,,0.0,White,0
2113,2109.00,,,,,,,,White,0
2115,2111.00,,,,,,,,Am. Ind./AK Native,0
2116,2136.00,,,,,,,,Other,0
2117,2112.00,0.0,0.0,0.0,0.0,0.0,,,White,0
2118,2137.00,0.0,0.0,1.0,,,0.0,,White,1
2120,2114.00,,,,,,0.0,,White,0
2121,2115.00,,,,,,,,White,0
2123,2117.00,,,,,,0.0,0.0,White,0
2124,2118.00,,,,,,,0.0,White,0
2125,2138.00,,,,,,,,White,0
2126,2119.00,,,,0.0,1.0,0.0,1.0,White,1
2127,2120.00,0.0,0.0,0.0,0.0,1.0,0.0,,White,1
2128,2121.00,,,,,,0.0,,White,0
2130,2124.00,0.0,0.0,0.0,,,0.0,,White,0
2131,2141.00,,,,,,0.0,,White,0
2132,2125.00,0.0,0.0,0.0,,,0.0,1.0,White,1
2133,2126.00,,,,,,,,White,0
2134,2127.00,0.0,0.0,0.0,,,0.0,,White,0
2135,2128.00,,,,,,1.0,1.0,White,1
2136,2134.00,1.0,0.0,0.0,,,0.0,,White,1
2137,2139.00,,,,,,,,White,0
2138,2129.00,,,,,,1.0,,Am. Ind./AK Native,1
2139,2130.00,,,,,,,,White,0
2140,2131.00,,,,0.0,0.0,1.0,1.0,Asian,1
2141,2132.00,0.0,1.0,1.0,,,0.0,1.0,White,1
2142,2133.00,,,,,,0.0,,White,0
2143,2135.00,,,,,,,,White,0
2144,2140.00,,,,,,,,White,0
2145,2142.00,,,,1.0,1.0,,0.0,White,1
2146,2143.00,,,,,,,,White,0
2147,2144.00,,,,,,,1.0,White,1
2148,2145.00,1.0,0.0,0.0,,,0.0,1.0,White,1
2149,2146.00,,,,,,,1.0,Hispanic/Latino,1
2150,2147.00,0.0,0.0,1.0,1.0,0.0,,1.0,White,1
2151,2148.00,,,,,,,,White,0
2152,2149.00,,,,,,,,White,0
2153,2150.00,,,,,,,,White,0
2154,2151.00,,,,,,,,White,0
2156,2153.00,,,,,,,,White,0
2158,2155.00,,,,,,0.0,,White,0
2159,2156.00,,,,,,,,White,0
2160,2157.00,,,,,,,,White,0
2161,2158.00,,,,,,,,White,0
2162,2159.00,,,,,,,1.0,White,1
2163,2160.00,0.0,1.0,1.0,,,0.0,,White,1
2164,2161.00,0.0,0.0,0.0,,,,,White,0
2165,2169.00,,,,,,,,White,0
2166,2162.00,0.0,0.0,0.0,,,0.0,,White,0
2167,2163.00,,,,,,,,White,0
2168,2164.00,,,,,,,,White,0
2169,2165.00,,,,,,,,White,0
2170,2166.00,,,,,,0.0,1.0,White,1
2171,2167.00,,,,,,,,Hispanic/Latino,0
2172,2170.00,,,,,,,,White,0
2173,2171.00,0.0,0.0,0.0,,,0.0,1.0,White,1
2174,2172.00,1.0,0.0,0.0,,,0.0,1.0,White,1
2175,2173.00,1.0,0.0,0.0,,,,0.0,White,1
2176,2174.00,1.0,1.0,0.0,,,,,White,1
2177,2192.00,,,,,,0.0,0.0,Hispanic/Latino,0
2178,2175.00,1.0,1.0,0.0,0.0,0.0,1.0,1.0,White,1
2179,2176.00,1.0,0.0,1.0,,,,,White,1
2180,2177.00,,,,0.0,1.0,,1.0,White,1
2181,2178.00,0.0,0.0,0.0,,,,,White,0
2182,2179.00,0.0,0.0,1.0,,,0.0,1.0,White,1
2183,2191.00,1.0,1.0,0.0,,,,1.0,White,1
2184,2180.00,,,,,,,,White,0
2185,2181.00,,,,,,,,White,0
2186,2182.00,,,,,,,,White,0
2187,2183.00,0.0,0.0,0.0,,,0.0,1.0,White,1
2188,2184.00,,,,,,,,White,0
2189,2185.00,0.0,0.0,0.0,,,,,White,0
2190,2711.00,,,,,,,,White,0
2191,2186.00,0.0,0.0,0.0,,,0.0,1.0,White,1
2192,2187.00,0.0,0.0,0.0,0.0,0.0,0.0,1.0,White,1
2193,2188.00,0.0,0.0,0.0,,,1.0,1.0,Asian,1
2194,2189.00,0.0,0.0,0.0,,,,0.0,White,0
2195,2190.00,0.0,0.0,0.0,,,,,White,0
2196,2949.00,,,,,,1.0,,White,1
2197,2193.00,0.0,1.0,1.0,0.0,1.0,,1.0,White,1
2198,2194.00,1.0,0.0,0.0,,,,1.0,White,1
2199,2195.00,,,,,,,,White,0
2200,2196.00,,,,,,,,White,0
2201,2197.00,,,,,,,,White,0
2202,2198.00,,,,,,0.0,,White,0
2203,2199.00,1.0,0.0,0.0,,,0.0,,Hispanic/Latino,1
2204,2200.00,,,,0.0,1.0,0.0,,Hispanic/Latino,1
2205,2201.00,,,,,,,,White,0
2206,2202.00,1.0,0.0,0.0,,,,1.0,White,1
2207,2203.00,,,,,,0.0,1.0,White,1
2208,2204.00,0.0,0.0,0.0,,,0.0,,White,0
2209,2205.00,,,,,,,,Asian,0
2210,2206.00,,,,,,0.0,1.0,White,1
2211,2207.00,,,,,,0.0,,Hispanic/Latino,0
2212,2208.00,,,,,,0.0,,White,0
2213,2209.00,,,,,,,,White,0
2214,2210.00,,,,,,,,White,0
2215,2211.00,,,,,,,1.0,White,1
2216,2212.00,,,,,,0.0,,White,0
2217,2213.00,0.0,0.0,0.0,0.0,1.0,0.0,,White,1
2218,2214.00,,,,,,,,White,0
2219,2215.00,,,,,,,,White,0
2220,2216.00,,,,,,,,White,0
2221,2217.00,,,,,,,,White,0
2222,2218.00,,,,,,0.0,,Hispanic/Latino,0
2223,2219.00,,,,,,0.0,1.0,White,1
2224,2234.00,,,,,,,,White,0
2225,2220.00,,,,,,,1.0,White,1
2226,2221.00,,,,,,0.0,,White,0
2227,2222.00,,,,1.0,0.0,,0.0,Asian,1
2228,2223.00,0.0,0.0,0.0,,,0.0,1.0,White,1
2229,2224.00,,,,,,0.0,,White,0
2230,2225.00,,,,,,,,White,0
2231,2226.00,0.0,1.0,0.0,,,1.0,1.0,White,1
2232,2227.00,1.0,0.0,0.0,,,1.0,1.0,White,1
2233,2228.00,,,,,,,0.0,White,0
2234,2229.00,,,,,,,1.0,White,1
2235,2230.00,,,,,,0.0,,White,0
2236,2231.00,,,,,,,0.0,White,0
2237,2232.00,,,,,,,,White,0
2238,2233.00,,,,,,0.0,0.0,White,0
2240,2236.00,,,,,,0.0,,White,0
2241,2237.00,,,,0.0,0.0,0.0,1.0,White,1
2242,2238.00,,,,,,,,White,0
2243,2239.00,,,,,,,,White,0
2244,2240.00,0.0,0.0,0.0,,,,,White,0
2246,2249.00,,,,,,,0.0,White,0
2247,2242.00,,,,,,,,White,0
2248,2243.00,,,,,,,,White,0
2250,2245.00,,,,,,,,Asian,0
2251,2246.00,,,,,,,1.0,White,1
2252,2247.00,,,,,,,,White,0
2253,2248.00,,,,,,,,White,0
2255,2252.00,0.0,0.0,0.0,,,,,Black,0
2257,2254.00,0.0,0.0,0.0,,,,,White,0
2258,2255.00,,,,,,0.0,1.0,White,1
2259,2256.00,,,,,,,1.0,White,1
2260,2257.00,,,,,,,,Black,0
2261,2258.00,0.0,0.0,0.0,,,,,White,0
2262,2259.00,,,,0.0,1.0,0.0,1.0,White,1
2263,2260.00,,,,,,,,White,0
2264,2261.00,,,,,,,,White,0
2266,2263.00,,,,,,,,White,0
2267,2264.00,,,,,,,,White,0
2268,2265.00,,,,,,0.0,,Am. Ind./AK Native,0
2269,2266.00,,,,,,,,Hispanic/Latino,0
2270,2267.00,,,,,,,1.0,White,1
2271,2268.00,,,,,,,,White,0
2272,2269.00,,,,,,,,White,0
2273,2270.00,,,,,,,,White,0
2274,2271.00,,,,0.0,0.0,0.0,,White,0
2275,2272.00,,,,,,0.0,,White,0
2276,2273.00,,,,,,,0.0,White,0
2277,2390.00,,,,,,0.0,,White,0
2278,2274.00,,,,,,0.0,,White,0
2279,2275.00,,,,,,,1.0,White,1
2280,2276.00,,,,,,,,White,0
2281,2277.00,0.0,0.0,0.0,,,0.0,,White,0
2282,2278.00,,,,,,0.0,,White,0
2283,2279.00,,,,,,,,White,0
2284,2280.00,,,,,,0.0,,White,0
2285,2281.00,0.0,0.0,0.0,,,,,White,0
2286,2282.00,,,,,,0.0,,Hispanic/Latino,0
2287,2283.00,1.0,0.0,0.0,1.0,1.0,0.0,1.0,White,1
2288,2291.00,0.0,0.0,0.0,,,0.0,0.0,White,0
2289,2284.00,1.0,0.0,0.0,,,,1.0,White,1
2290,2322.00,,,,,,,,White,0
2291,2285.00,,,,,,,,White,0
2292,2286.00,,,,,,,,White,0
2293,2287.00,1.0,0.0,0.0,,,,1.0,White,1
2294,2288.00,,,,,,,,White,0
2295,2289.00,,,,,,,,White,0
2296,2290.00,,,,,,0.0,,White,0
2297,2292.00,,,,,,,,White,0
2298,2330.00,1.0,0.0,0.0,1.0,0.0,1.0,,White,1
2299,2293.00,,,,0.0,1.0,0.0,,White,1
2300,2294.00,,,,,,,,White,0
2301,2295.00,,,,,,,,Two Or More,0
2302,2296.00,0.0,0.0,1.0,,,0.0,0.0,White,1
2303,2297.00,,,,,,,,White,0
2304,2327.00,,,,,,,1.0,White,1
2305,2309.00,0.0,0.0,0.0,,,0.0,,White,0
2306,2298.00,,,,,,0.0,1.0,White,1
2307,2299.00,0.0,1.0,0.0,,,0.0,1.0,White,1
2308,2300.00,,,,,,0.0,0.0,White,0
2309,2301.00,,,,,,,,White,0
2310,2302.00,,,,,,,0.0,White,0
2311,2303.00,,,,0.0,1.0,0.0,,White,1
2312,2642.00,,,,,,0.0,,White,0
2313,2304.00,,,,,,0.0,1.0,White,1
2314,2305.00,0.0,0.0,0.0,,,0.0,,White,0
2315,2306.00,0.0,0.0,0.0,,,0.0,0.0,White,0
2316,2307.00,0.0,0.0,0.0,0.0,0.0,0.0,1.0,White,1
2317,2308.00,,,,,,,,White,0
2318,2391.00,,,,,,,0.0,White,0
2319,2310.00,1.0,0.0,0.0,,,0.0,,White,1
2320,2311.00,,,,,,0.0,,White,0
2321,2312.00,0.0,1.0,0.0,0.0,1.0,0.0,1.0,White,1
2322,2313.00,,,,,,0.0,,White,0
2323,2314.00,,,,,,,,Black,0
2324,2315.00,,,,,,,,White,0
2325,2316.00,,,,,,,1.0,White,1
2326,2317.00,,,,,,0.0,,White,0
2327,2318.00,,,,0.0,1.0,0.0,1.0,White,1
2328,2319.00,,,,,,0.0,,White,0
2329,2320.00,,,,,,,,White,0
2331,2323.00,,,,,,0.0,,White,0
2332,2324.00,,,,,,,,White,0
2333,2325.00,,,,0.0,1.0,,,White,1
2334,2326.00,0.0,0.0,0.0,,,,1.0,White,1
2335,2328.00,,,,,,,1.0,White,1
2336,2329.00,,,,,,,1.0,White,1
2337,2331.00,,,,0.0,1.0,,1.0,White,1
2338,2332.00,,,,,,1.0,,White,1
2339,2345.00,0.0,0.0,0.0,,,,1.0,White,1
2340,2333.00,0.0,0.0,0.0,0.0,0.0,,,White,0
2341,2334.00,,,,,,0.0,1.0,White,1
2342,2335.00,,,,,,0.0,,White,0
2343,2342.00,,,,1.0,0.0,,1.0,White,1
2344,2336.00,0.0,1.0,0.0,,,1.0,1.0,White,1
2345,2337.00,,,,,,,,White,0
2346,2338.00,0.0,0.0,0.0,,,,1.0,White,1
2347,2339.00,0.0,0.0,0.0,,,0.0,,White,0
2348,2340.00,,,,,,,,White,0
2349,2341.00,1.0,1.0,0.0,,,0.0,,White,1
2350,2343.00,,,,,,,,White,0
2351,2344.00,,,,,,,,Black,0
2352,2392.00,,,,,,,,White,0
2353,2346.00,0.0,0.0,0.0,,,1.0,1.0,White,1
2354,2347.00,,,,,,,1.0,White,1
2355,2348.00,0.0,0.0,0.0,,,0.0,,White,0
2356,2349.00,,,,,,,,White,0
2357,2351.00,1.0,1.0,0.0,,,0.0,,White,1
2358,2352.00,,,,,,0.0,,White,0
2359,2353.00,,,,,,,,White,0
2360,2354.00,,,,,,0.0,,White,0
2361,2355.00,0.0,0.0,0.0,0.0,1.0,,1.0,Other,1
2362,2356.00,,,,,,0.0,0.0,White,0
2363,2357.00,,,,,,,,White,0
2364,2358.00,,,,,,,,White,0
2365,2359.00,,,,,,0.0,,White,0
2367,2361.00,,,,,,0.0,1.0,White,1
2368,2362.00,0.0,0.0,0.0,,,,,White,0
2369,2363.00,,,,,,,1.0,White,1
2370,2364.00,,,,,,,1.0,White,1
2371,2365.00,,,,,,0.0,,White,0
2372,2366.00,,,,,,0.0,,White,0
2373,2367.00,,,,,,,,White,0
2374,2368.00,,,,,,0.0,,White,0
2375,2369.00,,,,,,,,White,0
2376,2370.00,,,,,,0.0,,White,0
2377,2371.00,,,,,,1.0,,White,1
2378,2372.00,1.0,0.0,0.0,,,1.0,1.0,White,1
2379,2373.00,,,,,,0.0,,White,0
2381,2375.00,0.0,1.0,1.0,,,0.0,1.0,White,1
2382,2376.00,1.0,1.0,0.0,,,0.0,1.0,White,1
2383,2377.00,0.0,0.0,0.0,,,0.0,,White,0
2384,2378.00,,,,,,,1.0,White,1
2385,2379.00,1.0,0.0,1.0,0.0,0.0,0.0,1.0,White,1
2386,2380.00,1.0,1.0,0.0,,,,1.0,White,1
2387,2381.00,,,,,,,,White,0
2388,2382.00,,,,,,0.0,0.0,White,0
2389,2383.00,0.0,0.0,0.0,,,1.0,1.0,White,1
2390,2608.00,0.0,0.0,0.0,,,1.0,,White,1
2391,2384.00,1.0,1.0,0.0,1.0,1.0,1.0,1.0,White,1
2392,2385.00,,,,,,,,White,0
2393,2386.00,,,,,,0.0,,White,0
2394,2387.00,,,,,,,,White,0
2395,2388.00,,,,,,,,White,0
2396,2389.00,,,,,,1.0,1.0,White,1
2397,2456.00,,,,,,,,White,0
2398,2393.00,,,,,,,,White,0
2399,2394.00,,,,,,,1.0,White,1
2401,2396.00,,,,,,,,White,0
2402,2397.00,,,,,,0.0,0.0,White,0
2403,2398.00,,,,,,,,White,0
2404,2399.00,0.0,0.0,0.0,,,0.0,1.0,White,1
2405,2400.00,,,,,,0.0,1.0,White,1
2406,2401.00,0.0,1.0,0.0,,,0.0,1.0,White,1
2407,2402.00,0.0,1.0,0.0,,,,,White,1
2408,2403.00,,,,0.0,1.0,,0.0,Asian,1
2409,2404.00,0.0,0.0,0.0,,,,,White,0
2410,2405.00,,,,,,0.0,,White,0
2411,2626.00,,,,,,,0.0,White,0
2412,2406.00,,,,,,0.0,0.0,White,0
2413,2407.00,0.0,0.0,1.0,,,1.0,1.0,White,1
2414,2408.00,,,,,,,,White,0
2415,2409.00,1.0,0.0,1.0,1.0,1.0,1.0,1.0,White,1
2416,2410.00,,,,,,,1.0,White,1
2417,2411.00,1.0,0.0,0.0,,,0.0,0.0,White,1
2418,2412.00,,,,,,0.0,,Hispanic/Latino,0
2419,2413.00,,,,,,,1.0,White,1
2420,2414.00,,,,,,0.0,1.0,White,1
2421,2415.00,0.0,0.0,0.0,0.0,1.0,0.0,1.0,White,1
2422,2651.00,,,,,,,,White,0
2423,2416.00,,,,,,,,White,0
2424,2417.00,,,,,,,1.0,White,1
2426,2419.00,0.0,0.0,1.0,,,0.0,,White,1
2427,2420.00,0.0,0.0,0.0,,,,,White,0
2428,2421.00,,,,,,0.0,1.0,White,1
2429,2422.00,,,,,,,,White,0
2430,2423.00,,,,,,0.0,1.0,White,1
2431,2424.00,,,,,,0.0,,White,0
2432,2425.00,0.0,1.0,0.0,,,,0.0,White,1
2433,2426.00,,,,,,,,White,0
2434,2427.00,0.0,1.0,0.0,0.0,0.0,1.0,1.0,White,1
2435,2457.00,,,,,,,,White,0
2436,2428.00,1.0,1.0,0.0,1.0,1.0,1.0,,White,1
2437,2429.00,0.0,0.0,0.0,0.0,0.0,,0.0,White,0
2439,2431.00,1.0,0.0,0.0,,,1.0,1.0,White,1
2440,2432.00,,,,,,0.0,,White,0
2441,2652.00,,,,,,0.0,,White,0
2442,2433.00,,,,,,0.0,1.0,White,1
2443,2434.00,,,,,,,,White,0
2444,2435.00,,,,,,,,White,0
2445,2436.00,1.0,0.0,1.0,,,1.0,1.0,White,1
2446,2437.00,0.0,0.0,0.0,,,0.0,,White,0
2447,2438.00,0.0,1.0,0.0,1.0,0.0,0.0,1.0,White,1
2448,2564.00,,,,,,,,White,0
2449,2439.00,1.0,0.0,1.0,,,,1.0,White,1
2450,2440.00,,,,,,,,White,0
2451,2441.00,1.0,1.0,0.0,,,1.0,1.0,White,1
2452,2442.00,,,,,,,,White,0
2453,2443.00,1.0,0.0,0.0,,,0.0,1.0,White,1
2454,2495.00,,,,,,,1.0,White,1
2456,2445.00,1.0,0.0,0.0,,,0.0,1.0,Am. Ind./AK Native,1
2457,2446.00,,,,,,0.0,,White,0
2458,2447.00,0.0,0.0,0.0,,,,1.0,White,1
2459,2448.00,,,,,,,,White,0
2460,2494.00,,,,,,0.0,,White,0
2462,2450.00,,,,,,,,Hispanic/Latino,0
2463,2451.00,,,,,,0.0,1.0,White,1
2465,2453.00,0.0,1.0,0.0,1.0,0.0,0.0,,White,1
2466,2454.00,,,,0.0,0.0,0.0,1.0,White,1
2467,2455.00,,,,,,0.0,,White,0
2468,2458.00,,,,,,0.0,1.0,White,1
2469,2459.00,1.0,0.0,0.0,,,,,Two Or More,1
2470,2460.00,,,,,,,0.0,Hispanic/Latino,0
2471,2461.00,,,,,,,1.0,White,1
2472,2462.00,,,,,,,,Black,0
2473,2463.00,,,,,,,,White,0
2474,2571.00,,,,,,,,White,0
2475,2464.00,1.0,0.0,0.0,,,0.0,,White,1
2476,2465.00,,,,,,0.0,1.0,White,1
2477,2466.00,,,,,,,1.0,White,1
2478,2467.00,0.0,0.0,0.0,0.0,1.0,1.0,,Am. Ind./AK Native,1
2479,2468.00,0.0,0.0,1.0,,,0.0,1.0,White,1
2480,2646.00,,,,,,0.0,,White,0
2481,2469.00,0.0,0.0,0.0,,,1.0,1.0,White,1
2482,2470.00,,,,0.0,1.0,1.0,1.0,White,1
2483,2471.00,,,,,,0.0,,White,0
2484,2472.00,,,,,,,,White,0
2485,2473.00,1.0,0.0,0.0,1.0,0.0,1.0,1.0,White,1
2486,2474.00,,,,,,,1.0,White,1
2487,2475.00,0.0,1.0,0.0,,,1.0,1.0,White,1
2488,2476.00,,,,,,0.0,,White,0
2489,2477.00,0.0,1.0,0.0,1.0,0.0,1.0,1.0,White,1
2490,2478.00,,,,0.0,0.0,0.0,0.0,White,0
2491,2479.00,,,,,,0.0,,White,0
2492,2480.00,,,,,,,,White,0
2493,2647.00,,,,,,,,White,0
2494,2481.00,0.0,0.0,0.0,,,0.0,1.0,White,1
2495,2482.00,,,,,,,0.0,White,0
2496,2483.00,1.0,1.0,0.0,1.0,0.0,1.0,1.0,White,1
2497,2484.00,0.0,0.0,0.0,,,,,White,0
2498,2485.00,0.0,0.0,0.0,,,,,White,0
2499,2486.00,1.0,1.0,1.0,,,0.0,1.0,White,1
2500,2487.00,,,,,,,0.0,White,0
2501,2488.00,,,,,,0.0,,White,0
2502,2489.00,0.0,0.0,0.0,,,,0.0,White,0
2503,2490.00,,,,,,,,White,0
2504,2491.00,,,,,,,,White,0
2505,2492.00,,,,,,0.0,1.0,White,1
2506,2493.00,,,,,,,,White,0
2508,2496.00,,,,,,,,White,0
2509,2497.00,,,,,,,,White,0
2510,2498.00,,,,,,,1.0,White,1
2512,2500.00,0.0,0.0,1.0,,,0.0,,White,1
2513,2501.00,0.0,0.0,0.0,,,0.0,,White,0
2514,2601.00,,,,,,0.0,1.0,White,1
2515,2502.00,0.0,0.0,1.0,,,,1.0,White,1
2516,2503.00,,,,,,,,White,0
2517,2504.00,1.0,1.0,0.0,,,,,White,1
2518,2505.00,,,,,,,0.0,White,0
2519,2506.00,,,,,,,0.0,White,0
2520,2507.00,0.0,0.0,1.0,,,0.0,1.0,White,1
2521,2508.00,0.0,1.0,0.0,1.0,1.0,0.0,1.0,White,1
2522,2509.00,0.0,0.0,0.0,,,0.0,1.0,White,1
2523,2510.00,0.0,0.0,0.0,,,0.0,1.0,White,1
2524,2511.00,,,,,,0.0,,White,0
2525,2512.00,,,,,,,,Hispanic/Latino,0
2526,2519.00,0.0,0.0,0.0,0.0,0.0,1.0,1.0,White,1
2527,2513.00,1.0,0.0,0.0,0.0,1.0,,1.0,White,1
2528,2514.00,1.0,0.0,0.0,,,,,White,1
2529,2515.00,,,,,,,,Hispanic/Latino,0
2530,2516.00,,,,,,0.0,,White,0
2531,2517.00,,,,0.0,0.0,1.0,,Two Or More,1
2532,2518.00,1.0,0.0,0.0,,,0.0,1.0,White,1
2533,2520.00,,,,,,,,White,0
2534,2521.00,,,,,,0.0,1.0,White,1
2535,2522.00,0.0,0.0,0.0,,,0.0,,White,0
2536,2523.00,,,,,,0.0,,White,0
2537,2524.00,0.0,0.0,1.0,,,0.0,,White,1
2538,2532.00,,,,,,1.0,,White,1
2539,2525.00,0.0,0.0,0.0,,,0.0,1.0,White,1
2540,2526.00,,,,,,,,White,0
2541,2527.00,,,,,,,0.0,White,0
2542,2528.00,,,,,,0.0,,Black,0
2543,2529.00,,,,,,0.0,,White,0
2544,2530.00,,,,,,0.0,,White,0
2546,2545.00,,,,,,,1.0,White,1
2547,2533.00,,,,,,,1.0,Hispanic/Latino,1
2548,2534.00,1.0,0.0,0.0,1.0,1.0,1.0,1.0,White,1
2549,2535.00,,,,,,0.0,,White,0
2550,2536.00,,,,,,0.0,1.0,White,1
2551,2537.00,,,,,,0.0,,White,0
2552,2538.00,,,,,,,,White,0
2553,2660.00,,,,,,0.0,,White,0
2554,2539.00,,,,,,0.0,1.0,White,1
2556,2541.00,,,,,,1.0,1.0,White,1
2557,2542.00,,,,,,,,White,0
2559,2544.00,,,,,,0.0,1.0,White,1
2560,2546.00,,,,,,0.0,1.0,White,1
2561,2547.00,,,,,,0.0,1.0,White,1
2562,2548.00,,,,,,,,White,0
2563,2549.00,0.0,0.0,0.0,,,0.0,,White,0
2564,2550.00,0.0,1.0,0.0,0.0,0.0,0.0,1.0,White,1
2566,2552.00,0.0,1.0,0.0,0.0,1.0,,1.0,White,1
2567,2553.00,1.0,0.0,0.0,,,,0.0,White,1
2568,2554.00,0.0,0.0,1.0,,,,,White,1
2569,2555.00,0.0,0.0,0.0,,,0.0,0.0,White,0
2570,2556.00,0.0,0.0,0.0,,,,,White,0
2572,2558.00,0.0,0.0,0.0,,,0.0,0.0,White,0
2573,2559.00,0.0,0.0,0.0,,,,,White,0
2574,2560.00,0.0,1.0,0.0,1.0,0.0,0.0,1.0,White,1
2575,2561.00,,,,,,,,White,0
2576,2562.00,,,,,,0.0,,White,0
2577,2563.00,,,,,,,,White,0
2578,2565.00,0.0,1.0,0.0,,,,1.0,White,1
2579,2566.00,1.0,0.0,0.0,,,0.0,1.0,White,1
2580,2567.00,,,,,,,,White,0
2582,2569.00,0.0,1.0,0.0,,,,,White,1
2583,2570.00,,,,,,,,White,0
2584,2572.00,,,,,,0.0,,White,0
2585,2573.00,0.0,1.0,0.0,,,,1.0,White,1
2586,2574.00,,,,,,0.0,,White,0
2587,2575.00,,,,,,,,White,0
2588,2576.00,,,,,,,0.0,White,0
2590,2577.00,,,,,,0.0,,Other,0
2591,2578.00,0.0,1.0,1.0,,,,,White,1
2592,2579.00,,,,,,0.0,,White,0
2593,2580.00,,,,,,,,White,0
2594,2581.00,0.0,0.0,0.0,,,,1.0,White,1
2595,2582.00,,,,,,0.0,0.0,White,0
2596,2661.00,,,,1.0,1.0,,,White,1
2597,2583.00,,,,,,0.0,,White,0
2598,2584.00,,,,0.0,1.0,0.0,1.0,White,1
2599,2585.00,,,,,,0.0,,White,0
2600,2586.00,0.0,0.0,0.0,,,0.0,0.0,White,0
2601,2587.00,,,,,,,,White,0
2602,2588.00,,,,,,0.0,1.0,White,1
2603,2589.00,,,,0.0,1.0,1.0,,White,1
2605,2590.00,,,,,,0.0,,White,0
2606,2591.00,0.0,0.0,0.0,,,,,White,0
2607,2592.00,,,,,,,,White,0
2608,2593.00,0.0,0.0,0.0,,,0.0,1.0,White,1
2609,2594.00,1.0,0.0,1.0,,,1.0,,White,1
2610,2595.00,,,,,,,,White,0
2611,2596.00,1.0,0.0,0.0,,,,,White,1
2612,2597.00,0.0,0.0,1.0,,,0.0,1.0,White,1
2613,2598.00,0.0,0.0,0.0,1.0,0.0,0.0,1.0,White,1
2614,2599.00,0.0,0.0,0.0,,,,1.0,White,1
2615,2600.00,0.0,0.0,0.0,0.0,1.0,,1.0,Asian,1
2616,2663.00,,,,,,,1.0,White,1
2617,2602.00,,,,,,0.0,1.0,White,1
2618,2603.00,0.0,0.0,0.0,,,,,White,0
2620,2605.00,0.0,0.0,0.0,,,1.0,1.0,White,1
2621,2606.00,1.0,0.0,1.0,,,,1.0,White,1
2622,2607.00,,,,,,0.0,1.0,White,1
2623,2609.00,0.0,1.0,1.0,1.0,0.0,1.0,,White,1
2624,2610.00,0.0,1.0,1.0,,,,1.0,White,1
2625,2611.00,,,,0.0,1.0,1.0,1.0,White,1
2626,2612.00,,,,,,0.0,,Hispanic/Latino,0
2627,2613.00,,,,,,,,White,0
2628,2633.00,,,,,,,,White,0
2629,2614.00,,,,,,,,White,0
2630,2615.00,0.0,1.0,0.0,,,1.0,1.0,White,1
2631,2616.00,0.0,0.0,1.0,,,0.0,0.0,White,1
2632,2617.00,0.0,0.0,0.0,,,0.0,1.0,White,1
2634,2619.00,,,,,,,,White,0
2635,2620.00,1.0,1.0,1.0,0.0,0.0,0.0,1.0,White,1
2636,2621.00,0.0,0.0,0.0,,,0.0,,White,0
2637,2622.00,0.0,0.0,1.0,,,,1.0,White,1
2638,2623.00,0.0,1.0,0.0,,,,1.0,White,1
2639,2624.00,0.0,0.0,0.0,,,,1.0,Black,1
2640,2641.00,,,,,,,1.0,White,1
2641,2625.00,1.0,0.0,0.0,,,0.0,,White,1
2642,2664.00,,,,,,0.0,,White,0
2643,2627.00,0.0,1.0,0.0,,,0.0,1.0,White,1
2644,2628.00,,,,,,0.0,1.0,White,1
2645,2629.00,,,,,,,,Asian,0
2646,2630.00,,,,0.0,0.0,,,White,0
2647,2631.00,,,,,,,,White,0
2648,2634.00,0.0,0.0,0.0,,,0.0,,White,0
2649,2635.00,,,,,,1.0,,White,1
2650,2636.00,,,,,,0.0,,Other,0
2651,2637.00,,,,,,,,Black,0
2652,2638.00,,,,,,,,White,0
2653,2639.00,,,,,,0.0,,White,0
2655,2643.00,,,,,,,,White,0
2656,2644.00,0.0,0.0,0.0,1.0,0.0,0.0,,White,1
2657,2645.00,,,,,,,,White,0
2658,2648.00,,,,,,0.0,,White,0
2659,2649.00,,,,,,,,White,0
2662,2654.00,,,,,,,,White,0
2663,2655.00,,,,,,,,Other,0
2668,2666.00,,,,,,,,White,0
2671,2669.00,,,,,,,,White,0
2672,2670.00,,,,,,0.0,1.0,White,1
2673,2671.00,,,,,,,,White,0
2674,2681.00,,,,,,1.0,1.0,White,1
2675,2672.00,0.0,0.0,0.0,,,0.0,1.0,Hispanic/Latino,1
2676,2673.00,,,,,,,,Other,0
2678,2675.00,,,,,,,,White,0
2679,2676.00,,,,,,,,White,0
2680,2677.00,,,,,,,,White,0
2683,2680.00,,,,,,0.0,,White,0
2684,2682.00,0.0,0.0,0.0,1.0,1.0,0.0,1.0,White,1
2685,2683.00,,,,,,,,White,0
2686,2684.00,,,,,,,,White,0
2687,2685.00,1.0,0.0,0.0,,,,,White,1
2688,2686.00,,,,,,,,White,0
2689,2687.00,,,,,,0.0,,White,0
2690,2688.00,0.0,0.0,0.0,,,,,White,0
2691,2690.00,,,,,,,,White,0
2692,2691.00,,,,,,,,White,0
2693,2692.00,,,,,,,,White,0
2695,2694.00,,,,,,0.0,0.0,White,0
2696,2695.00,0.0,0.0,0.0,,,,,White,0
2698,2697.00,1.0,0.0,0.0,,,,1.0,White,1
2699,2698.00,,,,,,,,Other,0
2700,2699.00,,,,,,,,Am. Ind./AK Native,0
2701,2700.00,,,,,,,,White,0
2702,2701.00,,,,,,0.0,,White,0
2703,2702.00,,,,,,0.0,1.0,White,1
2704,2703.00,,,,,,,,White,0
2705,2742.00,,,,,,0.0,1.0,White,1
2706,2704.00,0.0,0.0,0.0,,,0.0,1.0,White,1
2708,2706.00,1.0,0.0,0.0,0.0,0.0,1.0,1.0,White,1
2710,2708.00,,,,,,0.0,,White,0
2712,2710.00,,,,,,,,White,0
2713,2712.00,,,,,,,1.0,White,1
2714,2713.00,,,,,,0.0,1.0,White,1
2715,2714.00,,,,,,0.0,1.0,White,1
2716,2715.00,1.0,1.0,0.0,,,,1.0,White,1
2717,2716.00,,,,,,,,Am. Ind./AK Native,0
2718,2717.00,,,,,,0.0,,White,0
2719,2750.00,,,,,,0.0,,White,0
2720,2718.00,0.0,0.0,1.0,,,0.0,,White,1
2721,2719.00,,,,0.0,0.0,,1.0,White,1
2722,2720.00,,,,,,,1.0,White,1
2723,2721.00,0.0,0.0,0.0,,,0.0,,White,0
2724,2722.00,0.0,0.0,0.0,,,0.0,,White,0
2725,2806.00,,,,,,0.0,,White,0
2726,2723.00,,,,,,1.0,1.0,White,1
2727,2724.00,,,,,,,,White,0
2728,2725.00,,,,,,,,Am. Ind./AK Native,0
2729,2726.00,1.0,0.0,0.0,,,0.0,1.0,White,1
2730,2727.00,,,,,,,1.0,White,1
2731,2728.00,,,,,,0.0,,White,0
2732,2729.00,,,,,,0.0,1.0,White,1
2733,2961.00,,,,,,,1.0,White,1
2734,2730.00,0.0,1.0,0.0,,,1.0,1.0,White,1
2735,2731.00,1.0,0.0,1.0,,,0.0,1.0,White,1
2736,2732.00,,,,,,,,White,0
2737,2733.00,,,,,,0.0,,White,0
2738,2734.00,,,,,,0.0,,White,0
2740,2749.00,,,,,,,,White,0
2742,2737.00,0.0,0.0,0.0,,,0.0,0.0,Other,0
2743,2738.00,,,,,,,,White,0
2744,2739.00,0.0,0.0,0.0,,,0.0,,White,0
2745,2740.00,,,,,,,,White,0
2747,2743.00,0.0,0.0,0.0,1.0,0.0,0.0,1.0,White,1
2748,2744.00,,,,,,,0.0,White,0
2749,2745.00,0.0,1.0,0.0,,,0.0,1.0,White,1
2750,2746.00,,,,0.0,0.0,1.0,,White,1
2751,2747.00,,,,,,,0.0,White,0
2752,2748.00,,,,,,0.0,,White,0
2753,2751.00,0.0,1.0,0.0,,,1.0,1.0,White,1
2754,2752.00,,,,,,0.0,1.0,White,1
2755,2753.00,,,,,,,0.0,White,0
2756,2754.00,,,,,,0.0,,White,0
2757,2755.00,,,,,,,1.0,White,1
2758,2756.00,1.0,0.0,0.0,,,0.0,1.0,Am. Ind./AK Native,1
2759,2904.00,,,,,,,1.0,White,1
2761,2758.00,1.0,0.0,1.0,,,0.0,,Asian,1
2762,2759.00,0.0,0.0,0.0,,,0.0,,White,0
2763,2760.00,,,,,,,1.0,White,1
2764,2761.00,0.0,1.0,1.0,,,1.0,1.0,White,1
2766,2763.00,0.0,0.0,0.0,,,0.0,1.0,White,1
2767,2764.00,,,,,,,1.0,White,1
2768,2765.00,,,,,,,,White,0
2769,2766.00,0.0,1.0,0.0,,,0.0,1.0,White,1
2770,2767.00,,,,,,,,White,0
2771,2768.00,,,,,,0.0,,White,0
2772,2769.00,0.0,0.0,0.0,,,0.0,,White,0
2773,2770.00,,,,,,,0.0,Asian,0
2774,2771.00,,,,,,,,White,0
2775,2772.00,,,,,,,,White,0
2776,2773.00,1.0,0.0,0.0,0.0,1.0,0.0,1.0,White,1
2777,2774.00,,,,,,0.0,1.0,White,1
2778,2832.00,,,,,,,,White,0
2779,2775.00,,,,,,,,White,0
2780,2776.00,0.0,0.0,0.0,1.0,1.0,1.0,1.0,White,1
2781,2777.00,,,,,,,,White,0
2782,2778.00,0.0,0.0,0.0,0.0,0.0,0.0,0.0,White,0
2783,2779.00,,,,,,,,White,0
2784,2785.00,1.0,1.0,0.0,,,0.0,1.0,White,1
2785,2780.00,1.0,1.0,1.0,0.0,1.0,1.0,1.0,White,1
2786,2781.00,0.0,0.0,0.0,,,0.0,1.0,White,1
2787,2782.00,1.0,0.0,0.0,,,0.0,,White,1
2788,2783.00,,,,,,,1.0,White,1
2789,2784.00,0.0,0.0,0.0,,,,1.0,White,1
2790,2798.00,,,,0.0,0.0,0.0,1.0,White,1
2791,2786.00,0.0,0.0,0.0,,,0.0,,White,0
2792,2787.00,,,,,,,,White,0
2793,2788.00,,,,,,,1.0,White,1
2794,2789.00,1.0,0.0,0.0,,,0.0,,White,1
2795,2790.00,,,,,,,1.0,White,1
2796,2791.00,1.0,0.0,0.0,,,,,White,1
2797,2792.00,0.0,1.0,1.0,1.0,1.0,1.0,1.0,White,1
2798,2793.00,,,,,,0.0,,White,0
2799,2794.00,1.0,0.0,0.0,,,,,White,1
2800,2795.00,1.0,0.0,1.0,,,1.0,1.0,White,1
2802,2797.00,0.0,0.0,0.0,0.0,0.0,0.0,1.0,White,1
2803,2799.00,,,,,,,,White,0
2804,2800.00,,,,,,,,White,0
2805,2801.00,,,,,,,,White,0
2806,2802.00,,,,0.0,0.0,0.0,,White,0
2807,2803.00,,,,,,0.0,,White,0
2808,2804.00,,,,,,0.0,1.0,White,1
2809,2805.00,,,,,,,,White,0
2810,2807.00,0.0,0.0,0.0,,,0.0,,White,0
2811,2808.00,,,,,,0.0,1.0,White,1
2812,2809.00,,,,,,,,White,0
2813,2810.00,,,,,,,,White,0
2814,2811.00,,,,,,,1.0,White,1
2815,2812.00,,,,,,,,White,0
2816,2839.00,,,,,,,,White,0
2817,2813.00,0.0,0.0,1.0,0.0,1.0,1.0,1.0,White,1
2818,2814.00,0.0,0.0,0.0,1.0,0.0,0.0,,White,1
2819,2815.00,,,,,,0.0,1.0,Hispanic/Latino,1
2820,2816.00,,,,,,,,White,0
2821,2817.00,,,,,,,1.0,White,1
2822,2818.00,,,,,,0.0,,White,0
2823,2819.00,0.0,0.0,0.0,,,0.0,1.0,White,1
2824,2950.00,,,,,,,0.0,White,0
2825,2820.00,1.0,1.0,0.0,,,1.0,1.0,White,1
2826,2821.00,,,,,,,,White,0
2827,2822.00,,,,,,,,White,0
2828,2823.00,0.0,0.0,0.0,,,,,White,0
2829,2824.00,,,,,,,,White,0
2830,2825.00,0.0,0.0,0.0,,,0.0,0.0,White,0
2832,2826.00,0.0,1.0,0.0,,,0.0,1.0,White,1
2833,2827.00,0.0,0.0,0.0,,,0.0,1.0,White,1
2834,2828.00,,,,,,0.0,1.0,White,1
2835,2829.00,,,,,,,,White,0
2836,2830.00,,,,,,,,White,0
2837,2831.00,,,,,,,,White,0
2839,2833.00,,,,,,,0.0,Hispanic/Latino,0
2840,2834.00,0.0,0.0,0.0,,,0.0,,White,0
2841,2835.00,,,,1.0,0.0,0.0,,White,1
2842,2836.00,0.0,0.0,0.0,,,1.0,1.0,White,1
2843,2837.00,,,,,,,0.0,White,0
2844,2838.00,0.0,0.0,0.0,0.0,1.0,1.0,1.0,White,1
2845,2840.00,0.0,0.0,0.0,,,,,White,0
2846,2841.00,1.0,0.0,1.0,,,,,White,1
2847,2842.00,,,,,,0.0,,White,0
2848,2843.00,,,,,,,,White,0
2849,2844.00,,,,,,,0.0,Hispanic/Latino,0
2850,2845.00,,,,,,,1.0,White,1
2851,2846.00,1.0,0.0,0.0,,,,1.0,White,1
2854,2849.00,,,,1.0,0.0,,,White,1
2855,2850.00,,,,,,0.0,,White,0
2856,2851.00,,,,,,,,White,0
2857,2877.00,,,,,,0.0,1.0,White,1
2858,2852.00,1.0,0.0,0.0,,,0.0,1.0,Black,1
2859,2853.00,,,,,,,,White,0
2860,2854.00,1.0,0.0,0.0,,,,,White,1
2861,2855.00,,,,,,,0.0,White,0
2862,2856.00,,,,,,1.0,1.0,White,1
2864,2859.00,1.0,1.0,0.0,0.0,0.0,1.0,1.0,White,1
2865,2860.00,0.0,1.0,0.0,,,0.0,1.0,White,1
2866,2861.00,,,,,,,,White,0
2867,2862.00,0.0,1.0,0.0,,,0.0,1.0,White,1
2868,2863.00,,,,,,,,White,0
2870,2865.00,,,,,,0.0,,White,0
2871,2866.00,,,,,,,,White,0
2872,2867.00,,,,,,,,White,0
2873,2868.00,,,,,,,,Hispanic/Latino,0
2875,2870.00,0.0,1.0,0.0,,,,1.0,White,1
2876,2871.00,,,,,,,,White,0
2877,2872.00,,,,,,1.0,1.0,White,1
2878,2873.00,0.0,0.0,0.0,,,0.0,1.0,White,1
2879,2874.00,,,,,,,0.0,White,0
2880,2875.00,,,,,,,,White,0
2881,2876.00,,,,,,0.0,,White,0
2882,2889.00,,,,,,0.0,,White,0
2883,2878.00,0.0,1.0,0.0,,,0.0,,White,1
2884,2879.00,,,,,,0.0,1.0,White,1
2885,2880.00,0.0,0.0,1.0,,,,0.0,White,1
2886,2881.00,,,,,,,1.0,White,1
2887,2882.00,,,,,,0.0,0.0,White,0
2888,2890.00,0.0,1.0,1.0,,,,1.0,Am. Ind./AK Native,1
2889,2883.00,0.0,1.0,1.0,,,,,White,1
2890,2884.00,,,,,,0.0,,White,0
2891,2885.00,,,,,,,,White,0
2893,2887.00,,,,,,,1.0,White,1
2894,2888.00,0.0,0.0,0.0,,,0.0,1.0,White,1
2895,2891.00,,,,,,0.0,,White,0
2896,2892.00,,,,,,0.0,1.0,White,1
2897,2893.00,,,,,,,,White,0
2898,2894.00,0.0,0.0,0.0,,,0.0,,White,0
2899,2895.00,0.0,0.0,0.0,,,0.0,,White,0
2900,2896.00,,,,,,,,White,0
2901,2897.00,,,,,,,,White,0
2903,2899.00,0.0,0.0,0.0,,,,1.0,White,1
2904,2900.00,,,,,,,,White,0
2905,2901.00,,,,,,0.0,,White,0
2906,2902.00,1.0,0.0,1.0,,,1.0,1.0,White,1
2907,2903.00,,,,,,0.0,0.0,White,0
2908,2905.00,1.0,0.0,0.0,,,0.0,1.0,White,1
2909,2906.00,,,,,,,,White,0
2910,2907.00,,,,,,,1.0,White,1
2911,2908.00,1.0,0.0,0.0,0.0,1.0,,1.0,White,1
2912,2909.00,,,,,,,1.0,White,1
2913,2910.00,,,,,,,,White,0
2914,2918.00,,,,,,,,White,0
2915,2911.00,1.0,1.0,0.0,,,0.0,1.0,White,1
2916,2912.00,,,,,,0.0,,White,0
2917,2913.00,,,,,,,1.0,White,1
2918,2914.00,,,,,,,,White,0
2919,2915.00,0.0,1.0,0.0,,,,1.0,White,1
2920,2916.00,,,,,,,,White,0
2921,2917.00,,,,,,,,White,0
2922,3025.00,,,,,,,,White,0
2923,2919.00,1.0,0.0,0.0,,,,1.0,White,1
2924,2920.00,,,,,,0.0,0.0,White,0
2925,2921.00,0.0,0.0,0.0,,,0.0,0.0,White,0
2926,2922.00,,,,,,,1.0,White,1
2927,2929.00,,,,,,,,White,0
2928,2923.00,0.0,0.0,0.0,0.0,0.0,,1.0,White,1
2929,2924.00,,,,,,,1.0,White,1
2930,2925.00,,,,,,,,White,0
2931,2926.00,,,,,,0.0,,White,0
2932,2927.00,,,,,,,,White,0
2933,2928.00,,,,,,0.0,,White,0
2934,2930.00,0.0,0.0,0.0,1.0,0.0,1.0,1.0,White,1
2935,2943.00,0.0,0.0,0.0,,,,,White,0
2936,2931.00,,,,,,0.0,0.0,White,0
2937,2932.00,1.0,0.0,0.0,,,0.0,1.0,White,1
2938,2933.00,0.0,0.0,0.0,,,0.0,0.0,White,0
2939,2934.00,0.0,0.0,0.0,,,0.0,,White,0
2940,2941.00,,,,,,,,White,0
2941,2942.00,,,,,,,,White,0
2942,2935.00,0.0,0.0,0.0,,,1.0,1.0,White,1
2943,2936.00,,,,,,,1.0,White,1
2944,2937.00,,,,,,0.0,,White,0
2945,2938.00,,,,,,,,White,0
2946,2939.00,,,,,,,,White,0
2947,2940.00,0.0,0.0,0.0,,,0.0,1.0,White,1
2948,3000.00,,,,0.0,0.0,0.0,,White,0
2949,2944.00,,,,,,0.0,0.0,White,0
2950,2945.00,,,,,,,,White,0
2951,2946.00,1.0,1.0,0.0,0.0,1.0,0.0,1.0,White,1
2952,2953.00,,,,1.0,0.0,0.0,1.0,Am. Ind./AK Native,1
2953,2947.00,,,,,,0.0,1.0,White,1
2954,2948.00,,,,,,0.0,,White,0
2955,2951.00,0.0,0.0,0.0,,,,1.0,White,1
2956,2952.00,0.0,1.0,0.0,,,0.0,1.0,White,1
2957,2954.00,1.0,0.0,0.0,0.0,0.0,1.0,1.0,White,1
2958,2955.00,,,,,,,,White,0
2959,2956.00,,,,,,,,White,0
2960,2957.00,,,,,,0.0,1.0,White,1
2961,2958.00,,,,,,,,White,0
2962,2959.00,,,,,,,,White,0
2963,2960.00,0.0,0.0,0.0,,,,,White,0
2964,2962.00,,,,1.0,1.0,1.0,1.0,White,1
2965,2963.00,0.0,1.0,1.0,1.0,1.0,1.0,1.0,White,1
2966,2964.00,,,,,,,,White,0
2967,2965.00,,,,,,,,White,0
2968,2966.00,,,,,,,,White,0
2969,2967.00,1.0,0.0,0.0,,,0.0,1.0,White,1
2970,2968.00,,,,,,0.0,,White,0
2971,2969.00,,,,,,,,White,0
2972,2970.00,,,,,,,,White,0
2973,2971.00,0.0,0.0,0.0,,,0.0,,White,0
2974,2972.00,,,,,,,,White,0
2976,2974.00,,,,,,,,White,0
2977,2975.00,,,,,,,,White,0
2978,2976.00,,,,,,,,White,0
2979,2977.00,,,,0.0,0.0,1.0,1.0,White,1
2980,2978.00,,,,,,,,White,0
2981,2979.00,,,,,,0.0,1.0,White,1
2982,2980.00,,,,,,0.0,,White,0
2983,3040.00,,,,,,,,White,0
2984,2981.00,1.0,0.0,0.0,,,,,White,1
2986,2983.00,0.0,0.0,0.0,,,0.0,,White,0
2987,2984.00,,,,,,,1.0,White,1
2988,2985.00,0.0,0.0,1.0,0.0,1.0,1.0,1.0,White,1
2989,2986.00,,,,,,0.0,0.0,White,0
2990,2987.00,,,,,,,,White,0
2991,2988.00,,,,,,0.0,1.0,White,1
2992,2989.00,,,,,,,1.0,White,1
2993,2990.00,,,,,,0.0,,White,0
2994,2991.00,,,,,,,,White,0
2995,2992.00,,,,,,,1.0,White,1
2996,3019.00,,,,,,,,White,0
2997,2993.00,1.0,1.0,1.0,1.0,0.0,1.0,1.0,White,1
2998,2994.00,,,,,,,0.0,White,0
3000,2996.00,,,,,,,0.0,White,0
3001,2997.00,,,,,,,,Asian,0
3002,2998.00,,,,,,,1.0,White,1
3003,3001.00,1.0,1.0,1.0,0.0,1.0,0.0,,White,1
3004,3002.00,0.0,1.0,0.0,0.0,1.0,1.0,1.0,Am. Ind./AK Native,1
3005,3003.00,,,,,,0.0,1.0,White,1
3006,3004.00,,,,,,,,Hispanic/Latino,0
3007,3005.00,,,,,,,,White,0
3008,3033.00,,,,,,,,White,0
3009,3006.00,,,,,,1.0,1.0,White,1
3010,3007.00,0.0,1.0,0.0,,,1.0,,Am. Ind./AK Native,1
3011,3008.00,,,,,,,1.0,White,1
3012,3009.00,,,,,,0.0,,White,0
3013,3010.00,,,,0.0,1.0,1.0,1.0,White,1
3015,3012.00,0.0,1.0,0.0,,,0.0,1.0,White,1
3016,3013.00,,,,,,0.0,,White,0
3017,3014.00,1.0,0.0,0.0,,,0.0,,White,1
3018,3015.00,,,,,,0.0,,White,0
3019,3016.00,,,,,,0.0,,White,0
3021,3018.00,,,,,,1.0,1.0,White,1
3022,3020.00,,,,,,,,White,0
3023,3021.00,0.0,0.0,0.0,,,0.0,,White,0
3024,3022.00,0.0,0.0,0.0,,,0.0,0.0,White,0
3025,3023.00,,,,,,0.0,1.0,White,1
3026,3024.00,,,,,,,,White,0
3027,3026.00,,,,,,,,White,0
3028,3027.00,1.0,1.0,0.0,1.0,1.0,0.0,,White,1
3029,3028.00,,,,,,,,White,0
3030,3029.00,,,,,,,,White,0
3031,3030.00,,,,,,,,White,0
3032,3031.00,,,,,,,,White,0
3033,3032.00,0.0,0.0,0.0,,,0.0,,White,0
3034,3061.00,,,,,,,,White,0
3036,3035.00,0.0,0.0,0.0,,,0.0,1.0,Haw/Pac Isl.,1
3037,3036.00,,,,,,,0.0,Hispanic/Latino,0
3038,3037.00,,,,,,,,White,0
3039,3038.00,,,,0.0,1.0,0.0,,Other,1
3040,3039.00,0.0,1.0,0.0,,,,1.0,White,1
3041,3041.00,0.0,0.0,1.0,0.0,0.0,0.0,1.0,White,1
3042,3042.00,,,,,,0.0,,White,0
3043,3043.00,0.0,0.0,1.0,,,0.0,1.0,White,1
3045,3045.00,,,,,,,,White,0
3046,3046.00,0.0,0.0,0.0,,,,,White,0
3047,3047.00,,,,0.0,1.0,1.0,,White,1
3048,3048.00,,,,,,,0.0,White,0
3049,3049.00,,,,,,,,Hispanic/Latino,0
3050,3050.00,,,,,,0.0,1.0,White,1
3051,3051.00,,,,,,,,White,0
3052,3052.00,0.0,0.0,0.0,,,0.0,,Hispanic/Latino,0
3053,3053.00,0.0,0.0,1.0,,,,,White,1
3054,3054.00,,,,,,0.0,,White,0
3055,3055.00,0.0,0.0,0.0,,,0.0,1.0,White,1
3056,3056.00,1.0,1.0,0.0,,,1.0,1.0,White,1
3057,3057.00,0.0,0.0,0.0,,,0.0,,Hispanic/Latino,0
3058,3058.00,,,,,,0.0,1.0,White,1
3059,3059.00,,,,,,0.0,,White,0
3060,3060.00,,,,,,,1.0,White,1
3061,3062.00,0.0,0.0,0.0,,,0.0,1.0,White,1
3062,3063.00,0.0,0.0,0.0,,,,1.0,White,1
3063,3064.00,0.0,0.0,1.0,,,0.0,1.0,White,1
3064,3065.00,,,,,,,1.0,White,1
3065,3066.00,0.0,1.0,0.0,,,,1.0,White,1
3066,3067.00,,,,,,,1.0,White,1
3067,3068.00,,,,0.0,0.0,0.0,,White,0
3068,3069.00,0.0,0.0,0.0,,,0.0,1.0,White,1
3069,3070.00,,,,,,,,White,0
3070,3071.00,,,,,,0.0,0.0,White,0
3071,3072.00,,,,,,,1.0,White,1
3072,3073.00,,,,,,,,White,0
3073,3088.00,,,,,,0.0,,White,0
3074,3074.00,,,,,,0.0,1.0,White,1
3075,3075.00,,,,,,1.0,,Hispanic/Latino,1
3076,3076.00,,,,,,,,White,0
3077,3077.00,,,,,,,1.0,White,1
3078,3078.00,,,,,,,,White,0
3079,3079.00,,,,,,,0.0,White,0
3080,3080.00,,,,,,,,Hispanic/Latino,0
3081,3102.00,,,,,,0.0,0.0,White,0
3082,3081.00,0.0,0.0,0.0,,,,1.0,White,1
3083,3082.00,,,,0.0,0.0,0.0,1.0,White,1
3084,3083.00,,,,,,0.0,,White,0
3085,3084.00,0.0,1.0,0.0,,,,,White,1
3086,3085.00,,,,,,0.0,1.0,White,1
3087,3086.00,,,,,,0.0,,White,0
3088,3087.00,,,,,,,,White,0
3089,3089.00,,,,,,,1.0,White,1
3090,3090.00,,,,,,,,White,0
3091,3091.00,,,,,,,,White,0
3092,3092.00,,,,,,0.0,,White,0
3093,3093.00,,,,,,0.0,,White,0
3094,3094.00,,,,,,0.0,1.0,White,1
3095,3095.00,,,,,,1.0,,White,1
3096,3096.00,,,,,,,,White,0
3097,3097.00,0.0,1.0,0.0,,,0.0,,White,1
3098,3098.00,,,,,,,1.0,White,1
3099,3099.00,,,,,,,0.0,White,0
3100,3100.00,,,,,,0.0,0.0,White,0
3101,3101.00,,,,,,,,White,0
3102,3103.00,0.0,0.0,0.0,,,,,White,0
3103,3104.00,,,,,,,,White,0
3104,3105.00,,,,,,,,White,0
3105,3106.00,,,,,,,,White,0
3106,3107.00,,,,,,,1.0,White,1
3107,3108.00,,,,,,0.0,,Black,0
3108,3109.00,0.0,0.0,0.0,,,0.0,,White,0
3109,3110.00,,,,,,0.0,1.0,White,1
3110,3111.00,,,,,,,1.0,White,1
3111,3112.00,0.0,0.0,0.0,,,,,White,0
3112,3113.00,1.0,0.0,1.0,,,0.0,1.0,White,1
3113,3114.00,,,,,,,,White,0
